"Inventory ID","Publisher","Publication","Channel","Category","Ad Product","Colour/Type","Billing Unit","Base Rate (R excl VAT)","Currency","VAT Applicable","Region/Run","Specs / Size","Booking Deadline","Material Deadline","Contact","Source"
"ARENA-0001","Arena Holdings","Business Day","Print","Main Body","Main Body","Colour","psccm","355","ZAR","Excl VAT","National","","","","Marlon Hoff | 011 280 3333 | hoffm@arena.africa","Business Day 2026 PDF p2-p5"
"ARENA-0002","Arena Holdings","Business Day","Print","Main Body","Main Body","Black & White","psccm","270","ZAR","Excl VAT","National","","","","Marlon Hoff | 011 280 3333 | hoffm@arena.africa","Business Day 2026 PDF p2-p5"
"ARENA-0003","Arena Holdings","Business Day","Print","First Section","Front Page Strip 10x8","Solus","Fixed","56800","ZAR","Excl VAT","National","10x8","","","","Business Day 2026 PDF p2-p5"
"ARENA-0004","Arena Holdings","Business Day","Print","First Section","Front Page Strip 10x6","Solus","Fixed","42600","ZAR","Excl VAT","National","10x6","","","","Business Day 2026 PDF p2-p5"
"ARENA-0005","Arena Holdings","Business Day","Print","First Section","Front Page Side Block 18x2","Solus","Fixed","25600","ZAR","Excl VAT","National","18x2","","","","Business Day 2026 PDF p2-p5"
"ARENA-0006","Arena Holdings","Business Day","Print","First Section","Front Page Side Block 26x2","Solus","Fixed","36920","ZAR","Excl VAT","National","26x2","","","","Business Day 2026 PDF p2-p5"
"ARENA-0007","Arena Holdings","Business Day","Print","First Section","Front Page Reverse L Shape","Solus","Fixed","96720","ZAR","Excl VAT","National","10x8 across by 26x6 down","","","","Business Day 2026 PDF p2-p5"
"ARENA-0008","Arena Holdings","Business Day","Print","Notices/Tenders/Auctions/Recruitment","Colour","Colour","psccm","262","ZAR","Excl VAT","National","","2 working days prior","2 working days prior","","Business Day 2026 PDF p3"
"ARENA-0009","Arena Holdings","Business Day","Print","Notices/Tenders/Auctions/Recruitment","Black & White","Black & White","psccm","230","ZAR","Excl VAT","National","","2 working days prior","2 working days prior","","Business Day 2026 PDF p3"
"ARENA-0010","Arena Holdings","Business Day","Print","Legal & Official Notices","Legal Notices Display","Display","psccm","224","ZAR","Excl VAT","National","","","","Legals@arena.africa","Business Day 2026 PDF p4"
"ARENA-0011","Arena Holdings","Business Day","Print","Legal & Official Notices","Notice to creditors","Per advertisement","Fixed","593","ZAR","Excl VAT","National","","","","","Business Day 2026 PDF p4"
"ARENA-0012","Arena Holdings","Business Day","Print","OPI","Tabloid 2 to 8 pages","Insert","Fixed","82027","ZAR","Excl VAT","National","National run","","4 days prior","","Business Day 2026 PDF p5"
"ARENA-0013","Arena Holdings","Business Day","Print","OPI","A4 2 to 8 pages","Insert","Fixed","53795","ZAR","Excl VAT","National","National run","","4 days prior","","Business Day 2026 PDF p5"
"ARENA-0014","Arena Holdings","Business Day","Print","OPI","A5 2 to 8 pages","Insert","Fixed","58593","ZAR","Excl VAT","National","National run; samples required","","4 days prior","","Business Day 2026 PDF p5"
"ARENA-0015","Arena Holdings","Daily Dispatch","Print","Main Body","Main Body","Full Colour","psccm","195","ZAR","Excl VAT","Eastern Cape","","12h00, 2 working days prior","12h00, 1 working day prior","Debbie Bauer | 043 702 2139 | debbieb@dispatch.co.za","Daily Dispatch 2026 PDF p2-p4"
"ARENA-0016","Arena Holdings","Daily Dispatch","Print","Main Body","Main Body","1 Spot Colour","psccm","127","ZAR","Excl VAT","Eastern Cape","","12h00, 2 working days prior","12h00, 1 working day prior","Debbie Bauer | 043 702 2139 | debbieb@dispatch.co.za","Daily Dispatch 2026 PDF p2-p4"
"ARENA-0017","Arena Holdings","Daily Dispatch","Print","Main Body","Main Body","Black & White","psccm","101","ZAR","Excl VAT","Eastern Cape","","12h00, 2 working days prior","12h00, 1 working day prior","Debbie Bauer | 043 702 2139 | debbieb@dispatch.co.za","Daily Dispatch 2026 PDF p2-p4"
"ARENA-0018","Arena Holdings","Daily Dispatch","Print","Special Position","Front Page Ear Space","Fixed","Fixed","5498","ZAR","Excl VAT","Eastern Cape","","","","","Daily Dispatch 2026 PDF p2-p4"
"ARENA-0019","Arena Holdings","Daily Dispatch","Print","Used Vehicles","Used Vehicles","Black & White","psccm","86","ZAR","Excl VAT","Eastern Cape","","","","","Daily Dispatch 2026 PDF p2-p4"
"ARENA-0020","Arena Holdings","Daily Dispatch","Print","Property","Estate Agents","Display","psccm","32","ZAR","Excl VAT","Eastern Cape","Quarter, half and full pages only","","","","Daily Dispatch 2026 PDF p2-p4"
"ARENA-0021","Arena Holdings","Daily Dispatch","Print","Company Reports & Financial Notices","Company Reports","Full Colour","psccm","250","ZAR","Excl VAT","Eastern Cape","","","","","Daily Dispatch 2026 PDF p2-p4"
"ARENA-0022","Arena Holdings","Daily Dispatch","Print","Company Reports & Financial Notices","Company Reports","1 Spot Colour","psccm","208","ZAR","Excl VAT","Eastern Cape","","","","","Daily Dispatch 2026 PDF p2-p4"
"ARENA-0023","Arena Holdings","Daily Dispatch","Print","Company Reports & Financial Notices","Company Reports","Black & White","psccm","166","ZAR","Excl VAT","Eastern Cape","","","","","Daily Dispatch 2026 PDF p2-p4"
"ARENA-0024","Arena Holdings","Daily Dispatch","Print","Legal Notices & Tenders","Legal/Tenders","Full Colour","psccm","225","ZAR","Excl VAT","Eastern Cape","","","","","Daily Dispatch 2026 PDF p3"
"ARENA-0025","Arena Holdings","Daily Dispatch","Print","Legal Notices & Tenders","Legal/Tenders","1 Spot Colour","psccm","151","ZAR","Excl VAT","Eastern Cape","","","","","Daily Dispatch 2026 PDF p3"
"ARENA-0026","Arena Holdings","Daily Dispatch","Print","Legal Notices & Tenders","Legal/Tenders","Black & White","psccm","135","ZAR","Excl VAT","Eastern Cape","","","","","Daily Dispatch 2026 PDF p3"
"ARENA-0027","Arena Holdings","Daily Dispatch","Print","Auctions","Auctions","Full Colour","psccm","206","ZAR","Excl VAT","Eastern Cape","","","","","Daily Dispatch 2026 PDF p3"
"ARENA-0028","Arena Holdings","Daily Dispatch","Print","Auctions","Auctions","1 Spot Colour","psccm","109","ZAR","Excl VAT","Eastern Cape","","","","","Daily Dispatch 2026 PDF p3"
"ARENA-0029","Arena Holdings","Daily Dispatch","Print","Auctions","Auctions","Black & White","psccm","101","ZAR","Excl VAT","Eastern Cape","","","","","Daily Dispatch 2026 PDF p3"
"ARENA-0030","Arena Holdings","Daily Dispatch","Print","Employment","Employment","Full Colour","psccm","213","ZAR","Excl VAT","Eastern Cape","","","","","Daily Dispatch 2026 PDF p3"
"ARENA-0031","Arena Holdings","Daily Dispatch","Print","Employment","Employment","1 Spot Colour","psccm","144","ZAR","Excl VAT","Eastern Cape","","","","","Daily Dispatch 2026 PDF p3"
"ARENA-0032","Arena Holdings","Daily Dispatch","Print","Employment","Employment","Black & White","psccm","111","ZAR","Excl VAT","Eastern Cape","","","","","Daily Dispatch 2026 PDF p3"
"ARENA-0033","Arena Holdings","Daily Dispatch","Print","Employment","Employment","Workwise national combo","psccm","348","ZAR","Excl VAT","Eastern Cape","","","","","Daily Dispatch 2026 PDF p3"
"ARENA-0034","Arena Holdings","Daily Dispatch","Print","OPI","Outside Printed Insert","Tabloid","Per Thousand","951","ZAR","Excl VAT","Eastern Cape","4 to 8","","","","Daily Dispatch 2026 PDF p4"
"ARENA-0035","Arena Holdings","Daily Dispatch","Print","OPI","Outside Printed Insert","Tabloid","Per Thousand","1001","ZAR","Excl VAT","Eastern Cape","8 to 16","","","","Daily Dispatch 2026 PDF p4"
"ARENA-0036","Arena Holdings","Daily Dispatch","Print","OPI","Outside Printed Insert","Tabloid","Per Thousand","1102","ZAR","Excl VAT","Eastern Cape","16 to 24","","","","Daily Dispatch 2026 PDF p4"
"ARENA-0037","Arena Holdings","Daily Dispatch","Print","OPI","Outside Printed Insert","Tabloid","Per Thousand","1271","ZAR","Excl VAT","Eastern Cape","24 to 32","","","","Daily Dispatch 2026 PDF p4"
"ARENA-0038","Arena Holdings","Daily Dispatch","Print","OPI","Outside Printed Insert","A4","Per Thousand","1120","ZAR","Excl VAT","Eastern Cape","4 to 8","","","","Daily Dispatch 2026 PDF p4"
"ARENA-0039","Arena Holdings","Daily Dispatch","Print","OPI","Outside Printed Insert","A4","Per Thousand","1184","ZAR","Excl VAT","Eastern Cape","8 to 16","","","","Daily Dispatch 2026 PDF p4"
"ARENA-0040","Arena Holdings","Daily Dispatch","Print","OPI","Outside Printed Insert","A4","Per Thousand","1257","ZAR","Excl VAT","Eastern Cape","16 to 24","","","","Daily Dispatch 2026 PDF p4"
"ARENA-0041","Arena Holdings","Daily Dispatch","Print","OPI","Outside Printed Insert","A4","Per Thousand","1329","ZAR","Excl VAT","Eastern Cape","24 to 32","","","","Daily Dispatch 2026 PDF p4"
"ARENA-0042","Arena Holdings","Daily Dispatch","Print","OPI","Outside Printed Insert","A5","Per Thousand","1347","ZAR","Excl VAT","Eastern Cape","4 to 8","","","","Daily Dispatch 2026 PDF p4"
"ARENA-0043","Arena Holdings","Daily Dispatch","Print","OPI","Outside Printed Insert","A5","Per Thousand","1425","ZAR","Excl VAT","Eastern Cape","8 to 16","","","","Daily Dispatch 2026 PDF p4"
"ARENA-0044","Arena Holdings","Daily Dispatch","Print","OPI","Outside Printed Insert","A5","Per Thousand","1509","ZAR","Excl VAT","Eastern Cape","16 to 24","","","","Daily Dispatch 2026 PDF p4"
"ARENA-0045","Arena Holdings","Daily Dispatch","Print","OPI","Outside Printed Insert","A5","Per Thousand","1603","ZAR","Excl VAT","Eastern Cape","24 to 32","","","","Daily Dispatch 2026 PDF p4"
"ARENA-0046","Arena Holdings","Sowetan","Print","Main Body","Main Body","Full Colour","psccm","440","ZAR","Excl VAT","National","","3 working days prior","2 working days prior","Marlon Hoff | 011 280 3333 | hoffm@arena.africa","Sowetan 2026 PDF p2-p5"
"ARENA-0047","Arena Holdings","Sowetan","Print","Main Body","Main Body","1 Spot Colour","psccm","342","ZAR","Excl VAT","National","","3 working days prior","2 working days prior","Marlon Hoff | 011 280 3333 | hoffm@arena.africa","Sowetan 2026 PDF p2-p5"
"ARENA-0048","Arena Holdings","Sowetan","Print","Main Body","Main Body","Black & White","psccm","266","ZAR","Excl VAT","National","","3 working days prior","2 working days prior","Marlon Hoff | 011 280 3333 | hoffm@arena.africa","Sowetan 2026 PDF p2-p5"
"ARENA-0049","Arena Holdings","Sowetan","Print","Regional Rates","Main Body Regional","Full Colour","psccm","380","ZAR","Excl VAT","Gauteng/Limpopo/North West/Mpumalanga","","","","","Sowetan 2026 PDF p2-p5"
"ARENA-0050","Arena Holdings","Sowetan","Print","Regional Rates","Main Body Regional","1 Spot Colour","psccm","285","ZAR","Excl VAT","Gauteng/Limpopo/North West/Mpumalanga","","","","","Sowetan 2026 PDF p2-p5"
"ARENA-0051","Arena Holdings","Sowetan","Print","Regional Rates","Main Body Regional","Black & White","psccm","214","ZAR","Excl VAT","Gauteng/Limpopo/North West/Mpumalanga","","","","","Sowetan 2026 PDF p2-p5"
"ARENA-0052","Arena Holdings","Sowetan","Print","Regional Rates","Main Body Regional","Full Colour","psccm","185","ZAR","Excl VAT","Free State","","","","","Sowetan 2026 PDF p2-p5"
"ARENA-0053","Arena Holdings","Sowetan","Print","Regional Rates","Main Body Regional","1 Spot Colour","psccm","164","ZAR","Excl VAT","Free State","","","","","Sowetan 2026 PDF p2-p5"
"ARENA-0054","Arena Holdings","Sowetan","Print","Regional Rates","Main Body Regional","Black & White","psccm","139","ZAR","Excl VAT","Free State","","","","","Sowetan 2026 PDF p2-p5"
"ARENA-0055","Arena Holdings","Sowetan","Print","Auctions","Auctions","Full Colour","psccm","413","ZAR","Excl VAT","National","","","","","Sowetan 2026 PDF p2-p5"
"ARENA-0056","Arena Holdings","Sowetan","Print","Auctions","Auctions","1 Spot Colour","psccm","309","ZAR","Excl VAT","National","","","","","Sowetan 2026 PDF p2-p5"
"ARENA-0057","Arena Holdings","Sowetan","Print","Auctions","Auctions","Black & White","psccm","241","ZAR","Excl VAT","National","","","","","Sowetan 2026 PDF p2-p5"
"ARENA-0058","Arena Holdings","Sowetan","Print","Tenders","Tenders","Full Colour","psccm","357","ZAR","Excl VAT","National","","","","","Sowetan 2026 PDF p2-p5"
"ARENA-0059","Arena Holdings","Sowetan","Print","Tenders","Tenders","1 Spot Colour","psccm","279","ZAR","Excl VAT","National","","","","","Sowetan 2026 PDF p2-p5"
"ARENA-0060","Arena Holdings","Sowetan","Print","Tenders","Tenders","Black & White","psccm","225","ZAR","Excl VAT","National","","","","","Sowetan 2026 PDF p2-p5"
"ARENA-0061","Arena Holdings","Sowetan","Print","Job Market","Job Market","1 Spot Colour","psccm","328","ZAR","Excl VAT","National","","","","","Sowetan 2026 PDF p2-p5"
"ARENA-0062","Arena Holdings","Sowetan","Print","Job Market","Job Market","Black & White","psccm","263","ZAR","Excl VAT","National","","","","","Sowetan 2026 PDF p2-p5"
"ARENA-0063","Arena Holdings","Sowetan","Print","OPI","Outside Printed Insert","Tabloid","Per Thousand","900","ZAR","Excl VAT","National","4 to 8","","","","Sowetan 2026 PDF p3"
"ARENA-0064","Arena Holdings","Sowetan","Print","OPI","Outside Printed Insert","Tabloid","Per Thousand","967","ZAR","Excl VAT","National","8 to 16","","","","Sowetan 2026 PDF p3"
"ARENA-0065","Arena Holdings","Sowetan","Print","OPI","Outside Printed Insert","Tabloid","Per Thousand","1034","ZAR","Excl VAT","National","16 to 24","","","","Sowetan 2026 PDF p3"
"ARENA-0066","Arena Holdings","Sowetan","Print","OPI","Outside Printed Insert","Tabloid","Per Thousand","1097","ZAR","Excl VAT","National","24 to 32","","","","Sowetan 2026 PDF p3"
"ARENA-0067","Arena Holdings","Sowetan","Print","OPI","Outside Printed Insert","A4","Per Thousand","824","ZAR","Excl VAT","National","4 to 8","","","","Sowetan 2026 PDF p3"
"ARENA-0068","Arena Holdings","Sowetan","Print","OPI","Outside Printed Insert","A4","Per Thousand","871","ZAR","Excl VAT","National","8 to 16","","","","Sowetan 2026 PDF p3"
"ARENA-0069","Arena Holdings","Sowetan","Print","OPI","Outside Printed Insert","A4","Per Thousand","917","ZAR","Excl VAT","National","16 to 24","","","","Sowetan 2026 PDF p3"
"ARENA-0070","Arena Holdings","Sowetan","Print","OPI","Outside Printed Insert","A4","Per Thousand","973","ZAR","Excl VAT","National","24 to 32","","","","Sowetan 2026 PDF p3"
"ARENA-0071","Arena Holdings","Sowetan","Print","OPI","Outside Printed Insert","A5","Per Thousand","1109","ZAR","Excl VAT","National","4 to 8","","","","Sowetan 2026 PDF p3"
"ARENA-0072","Arena Holdings","Sowetan","Print","OPI","Outside Printed Insert","A5","Per Thousand","1127","ZAR","Excl VAT","National","8 to 16","","","","Sowetan 2026 PDF p3"
"ARENA-0073","Arena Holdings","Sowetan","Print","OPI","Outside Printed Insert","A5","Per Thousand","1176","ZAR","Excl VAT","National","16 to 24","","","","Sowetan 2026 PDF p3"
"ARENA-0074","Arena Holdings","Sowetan Motoring","Print","Motoring Main Body","Motoring","Full Colour","psccm","296","ZAR","Excl VAT","National","","","Friday prior to publication","","Sowetan 2026 PDF p4"
"ARENA-0075","Arena Holdings","Sowetan Motoring","Print","Motoring Main Body","Motoring","1 Spot Colour","psccm","236","ZAR","Excl VAT","National","","","Friday prior to publication","","Sowetan 2026 PDF p4"
"ARENA-0076","Arena Holdings","Sowetan Motoring","Print","Motoring Main Body","Motoring","Black & White","psccm","188","ZAR","Excl VAT","National","","","Friday prior to publication","","Sowetan 2026 PDF p4"
"ARENA-0077","Arena Holdings","Sowetan","Print","Classified","Classified","Classified Linage 1-3 insertions","psccm","220","ZAR","Excl VAT","National","","12h00, 2 working days prior","12h00, 2 working days prior","Sylvia Yedwa | 011 280 3434 | yedwas@arena.africa","Sowetan 2026 PDF p5"
"ARENA-0078","Arena Holdings","Sowetan","Print","Classified","Classified","Classified Linage 4+ insertions","psccm","178","ZAR","Excl VAT","National","","12h00, 2 working days prior","12h00, 2 working days prior","Sylvia Yedwa | 011 280 3434 | yedwas@arena.africa","Sowetan 2026 PDF p5"
"ARENA-0079","Arena Holdings","Sowetan","Print","Classified","Classified","Sales in Execution","psccm","167","ZAR","Excl VAT","National","","12h00, 2 working days prior","12h00, 2 working days prior","Sylvia Yedwa | 011 280 3434 | yedwas@arena.africa","Sowetan 2026 PDF p5"
"ARENA-0080","Arena Holdings","Sowetan","Print","Classified","Classified","Creditors & Debtors","Fixed","750","ZAR","Excl VAT","National","","12h00, 2 working days prior","12h00, 2 working days prior","Sylvia Yedwa | 011 280 3434 | yedwas@arena.africa","Sowetan 2026 PDF p5"
"ARENA-0081","Arena Holdings","Sowetan","Print","Classified","Classified","Liquidation & Distribution","Fixed","750","ZAR","Excl VAT","National","","12h00, 2 working days prior","12h00, 2 working days prior","Sylvia Yedwa | 011 280 3434 | yedwas@arena.africa","Sowetan 2026 PDF p5"
"ARENA-0082","Arena Holdings","Sowetan","Print","Classified","Classified","Insolvencies","Fixed","750","ZAR","Excl VAT","National","","12h00, 2 working days prior","12h00, 2 working days prior","Sylvia Yedwa | 011 280 3434 | yedwas@arena.africa","Sowetan 2026 PDF p5"
"ARENA-0083","Arena Holdings","Sowetan","Print","Classified","Classified","Town Planning","Fixed","848","ZAR","Excl VAT","National","","12h00, 2 working days prior","12h00, 2 working days prior","Sylvia Yedwa | 011 280 3434 | yedwas@arena.africa","Sowetan 2026 PDF p5"
"ARENA-0084","Arena Holdings","Sowetan","Print","Classified","Classified","Liquor Act","Fixed","691","ZAR","Excl VAT","National","","12h00, 2 working days prior","12h00, 2 working days prior","Sylvia Yedwa | 011 280 3434 | yedwas@arena.africa","Sowetan 2026 PDF p5"
"ARENA-0085","Arena Holdings","Sowetan","Print","Classified","Classified","Petroleum Licenses","Fixed","1478","ZAR","Excl VAT","National","","12h00, 2 working days prior","12h00, 2 working days prior","Sylvia Yedwa | 011 280 3434 | yedwas@arena.africa","Sowetan 2026 PDF p5"
"ARENA-0086","Arena Holdings","Sowetan","Print","Classified","Classified","Funeral Notice","Fixed","400","ZAR","Excl VAT","National","","12h00, 2 working days prior","12h00, 2 working days prior","Sylvia Yedwa | 011 280 3434 | yedwas@arena.africa","Sowetan 2026 PDF p5"
"ARENA-0087","Arena Holdings","Sowetan","Print","Classified","Classified","Lost Deeds","Fixed","730.5","ZAR","Excl VAT","National","","12h00, 2 working days prior","12h00, 2 working days prior","Sylvia Yedwa | 011 280 3434 | yedwas@arena.africa","Sowetan 2026 PDF p5"
"ARENA-0088","Arena Holdings","Sunday Times","Print","Main Body & Sports","Main Body/Sports","Full Colour","psccm","1394","ZAR","Excl VAT","National","","Thursday 16h00 prior","Thursday 16h00 prior","Marlon Hoff | 011 280 3333 | hoffm@arena.africa","Sunday Times 2026 PDF p2-p10"
"ARENA-0089","Arena Holdings","Sunday Times","Print","Main Body & Sports","Main Body/Sports","1 Spot Colour","psccm","1332","ZAR","Excl VAT","National","","Thursday 16h00 prior","Thursday 16h00 prior","Marlon Hoff | 011 280 3333 | hoffm@arena.africa","Sunday Times 2026 PDF p2-p10"
"ARENA-0090","Arena Holdings","Sunday Times","Print","Main Body & Sports","Main Body/Sports","Black & White","psccm","876","ZAR","Excl VAT","National","","Thursday 16h00 prior","Thursday 16h00 prior","Marlon Hoff | 011 280 3333 | hoffm@arena.africa","Sunday Times 2026 PDF p2-p10"
"ARENA-0091","Arena Holdings","Sunday Times","Print","Special Position","Front Page Solus 10x9","Solus","Fixed","278800","ZAR","Excl VAT","National","","","","","Sunday Times 2026 PDF p2-p10"
"ARENA-0092","Arena Holdings","Sunday Times","Print","Special Position","Front Page Solus 25x3","Solus","Fixed","209100","ZAR","Excl VAT","National","","","","","Sunday Times 2026 PDF p2-p10"
"ARENA-0093","Arena Holdings","Sunday Times","Print","Special Position","Front Page Solus 20x9","Solus","Fixed","557600","ZAR","Excl VAT","National","","","","","Sunday Times 2026 PDF p2-p10"
"ARENA-0094","Arena Holdings","Sunday Times","Print","Special Position","Sports Back Page Solus 10x9","Solus","Fixed","209100","ZAR","Excl VAT","National","","","","","Sunday Times 2026 PDF p2-p10"
"ARENA-0095","Arena Holdings","Business Times","Print","Main Body","Business Times","Full Colour","psccm","1049","ZAR","Excl VAT","National","","","","","Sunday Times 2026 PDF p3"
"ARENA-0096","Arena Holdings","Business Times","Print","Main Body","Business Times","1 Spot Colour","psccm","928","ZAR","Excl VAT","National","","","","","Sunday Times 2026 PDF p3"
"ARENA-0097","Arena Holdings","Business Times","Print","Main Body","Business Times","Black & White","psccm","748","ZAR","Excl VAT","National","","","","","Sunday Times 2026 PDF p3"
"ARENA-0098","Arena Holdings","Business Times","Print","Special Position","Front Page Solus 10x9","Solus","Fixed","209800","ZAR","Excl VAT","National","","","","","Sunday Times 2026 PDF p3"
"ARENA-0099","Arena Holdings","Business Times","Print","Special Position","Front Page Solus 20x9","Solus","Fixed","419600","ZAR","Excl VAT","National","","","","","Sunday Times 2026 PDF p3"
"ARENA-0100","Arena Holdings","Business Times","Print","Special Position","Front Page Solus 27x9","Solus","Fixed","566460","ZAR","Excl VAT","National","","","","","Sunday Times 2026 PDF p3"
"ARENA-0101","Arena Holdings","Business Times","Print","Section Rates","Financial Notices","Financial Notices","psccm","962","ZAR","Excl VAT","National","","","","","Sunday Times 2026 PDF p3"
"ARENA-0102","Arena Holdings","Business Times","Print","Section Rates","Legal/Tenders/Officials Full Colour","Legal/Tenders/Officials Full Colour","psccm","992","ZAR","Excl VAT","National","","","","","Sunday Times 2026 PDF p3"
"ARENA-0103","Arena Holdings","Business Times","Print","Section Rates","Legal/Tenders/Officials 1 Spot","Legal/Tenders/Officials 1 Spot","psccm","880","ZAR","Excl VAT","National","","","","","Sunday Times 2026 PDF p3"
"ARENA-0104","Arena Holdings","Business Times","Print","Section Rates","Legal/Tenders/Officials B&W","Legal/Tenders/Officials B&W","psccm","710","ZAR","Excl VAT","National","","","","","Sunday Times 2026 PDF p3"
"ARENA-0105","Arena Holdings","Business Times","Print","Section Rates","Auctions Full Colour","Auctions Full Colour","psccm","624","ZAR","Excl VAT","National","","","","","Sunday Times 2026 PDF p3"
"ARENA-0106","Arena Holdings","Business Times","Print","Section Rates","Auctions 1 Spot","Auctions 1 Spot","psccm","583","ZAR","Excl VAT","National","","","","","Sunday Times 2026 PDF p3"
"ARENA-0107","Arena Holdings","Business Times","Print","Section Rates","Auctions B&W","Auctions B&W","psccm","539","ZAR","Excl VAT","National","","","","","Sunday Times 2026 PDF p3"
"ARENA-0108","Arena Holdings","Sunday Times Careers","Print","Careers","Careers","Full Colour","psccm","823","ZAR","Excl VAT","National","","","","","Sunday Times 2026 PDF p4"
"ARENA-0109","Arena Holdings","Sunday Times Careers","Print","Careers","Careers","1 Spot Colour","psccm","789","ZAR","Excl VAT","National","","","","","Sunday Times 2026 PDF p4"
"ARENA-0110","Arena Holdings","Sunday Times Careers","Print","Careers","Careers","Black & White","psccm","687","ZAR","Excl VAT","National","","","","","Sunday Times 2026 PDF p4"
"ARENA-0111","Arena Holdings","Sunday Times","Print","Municipality Rates","Municipality","Full Colour","psccm","572","ZAR","Excl VAT","National","","","","","Sunday Times 2026 PDF p4"
"ARENA-0112","Arena Holdings","Sunday Times","Print","Municipality Rates","Municipality","1 Spot Colour","psccm","546","ZAR","Excl VAT","National","","","","","Sunday Times 2026 PDF p4"
"ARENA-0113","Arena Holdings","Sunday Times","Print","Municipality Rates","Municipality","Black & White","psccm","526","ZAR","Excl VAT","National","","","","","Sunday Times 2026 PDF p4"
"ARENA-0114","Arena Holdings","Sunday Times","Print","Classified","Family announcement","Family announcement","psccm","242","ZAR","Excl VAT","National","","","","","Sunday Times 2026 PDF p5"
"ARENA-0115","Arena Holdings","Sunday Times","Print","Classified","Classified trade","Classified trade","psccm","347","ZAR","Excl VAT","National","","","","","Sunday Times 2026 PDF p5"
"ARENA-0116","Arena Holdings","Sunday Times","Print","Classified","Classified legal","Classified legal","psccm","276","ZAR","Excl VAT","National","","","","","Sunday Times 2026 PDF p5"
"ARENA-0117","Arena Holdings","Sunday Times","Print","Classified","Lost Deeds","Lost Deeds","Fixed","730.5","ZAR","Excl VAT","National","","","","","Sunday Times 2026 PDF p5"
"ARENA-0118","Arena Holdings","Sunday Times","Print","Classified","Classified Display Full colour","Classified Display Full colour","psccm","416","ZAR","Excl VAT","National","","","","","Sunday Times 2026 PDF p5"
"ARENA-0119","Arena Holdings","Sunday Times","Print","Classified","Classified Display Black & white","Classified Display Black & white","psccm","332","ZAR","Excl VAT","National","","","","","Sunday Times 2026 PDF p5"
"ARENA-0120","Arena Holdings","Sunday Times Lifestyle","Print","Lifestyle/Fashion/Travel/Home/Food/Motoring","Lifestyle","Full Colour","psccm","459","ZAR","Excl VAT","National","","","","","Sunday Times 2026 PDF p7"
"ARENA-0121","Arena Holdings","Sunday Times Lifestyle","Print","Lifestyle/Fashion/Travel/Home/Food/Motoring","Lifestyle","1 Spot Colour","psccm","396","ZAR","Excl VAT","National","","","","","Sunday Times 2026 PDF p7"
"ARENA-0122","Arena Holdings","Sunday Times Lifestyle","Print","Lifestyle/Fashion/Travel/Home/Food/Motoring","Lifestyle","Black & White","psccm","276","ZAR","Excl VAT","National","","","","","Sunday Times 2026 PDF p7"
"ARENA-0123","Arena Holdings","Sunday Times","Print","OPI","Outside Printed Insert","Tabloid","Per Thousand","1097","ZAR","Excl VAT","National","Up to 8","","","","Sunday Times 2026 PDF p8"
"ARENA-0124","Arena Holdings","Sunday Times","Print","OPI","Outside Printed Insert","Tabloid","Per Thousand","1133","ZAR","Excl VAT","National","8 to 16","","","","Sunday Times 2026 PDF p8"
"ARENA-0125","Arena Holdings","Sunday Times","Print","OPI","Outside Printed Insert","Tabloid","Per Thousand","1170","ZAR","Excl VAT","National","16 to 24","","","","Sunday Times 2026 PDF p8"
"ARENA-0126","Arena Holdings","Sunday Times","Print","OPI","Outside Printed Insert","Tabloid","Per Thousand","1206","ZAR","Excl VAT","National","24 to 32","","","","Sunday Times 2026 PDF p8"
"ARENA-0127","Arena Holdings","Sunday Times","Print","OPI","Outside Printed Insert","A4","Per Thousand","930","ZAR","Excl VAT","National","Up to 8","","","","Sunday Times 2026 PDF p8"
"ARENA-0128","Arena Holdings","Sunday Times","Print","OPI","Outside Printed Insert","A4","Per Thousand","939","ZAR","Excl VAT","National","8 to 16","","","","Sunday Times 2026 PDF p8"
"ARENA-0129","Arena Holdings","Sunday Times","Print","OPI","Outside Printed Insert","A4","Per Thousand","1084","ZAR","Excl VAT","National","16 to 24","","","","Sunday Times 2026 PDF p8"
"ARENA-0130","Arena Holdings","Sunday Times","Print","OPI","Outside Printed Insert","A4","Per Thousand","1223","ZAR","Excl VAT","National","24 to 32","","","","Sunday Times 2026 PDF p8"
"ARENA-0131","Arena Holdings","Sunday Times","Print","OPI","Outside Printed Insert","A5","Per Thousand","1116","ZAR","Excl VAT","National","Up to 8","","","","Sunday Times 2026 PDF p8"
"ARENA-0132","Arena Holdings","Sunday Times","Print","OPI","Outside Printed Insert","A5","Per Thousand","1129","ZAR","Excl VAT","National","8 to 16","","","","Sunday Times 2026 PDF p8"
"ARENA-0133","Arena Holdings","Sunday Times","Print","OPI","Outside Printed Insert","A5","Per Thousand","1300","ZAR","Excl VAT","National","16 to 24","","","","Sunday Times 2026 PDF p8"
"ARENA-0134","Arena Holdings","Sunday Times","Print","OPI","Outside Printed Insert","A5","Per Thousand","1467","ZAR","Excl VAT","National","24 to 32","","","","Sunday Times 2026 PDF p8"
"ARENA-0135","Arena Holdings","Sunday Times","Print","Sampling","Sampling","Per Thousand","Per Thousand","1389","ZAR","Excl VAT","National","Subject to approval","","","","Sunday Times 2026 PDF p8"
"ARENA-0136","Arena Holdings","The Herald","Print","Main Body","Main Body","Full Colour","psccm","223","ZAR","Excl VAT","Eastern Cape","","10h00, 2 working days prior","12h00, 2 working days prior","Andre Segadavan | 041 504 7325 | segadavana@theherald.co.za","The Herald 2026 PDF p2-p4"
"ARENA-0137","Arena Holdings","The Herald","Print","Main Body","Main Body","1 Spot Colour","psccm","149","ZAR","Excl VAT","Eastern Cape","","10h00, 2 working days prior","12h00, 2 working days prior","Andre Segadavan | 041 504 7325 | segadavana@theherald.co.za","The Herald 2026 PDF p2-p4"
"ARENA-0138","Arena Holdings","The Herald","Print","Main Body","Main Body","Black & White","psccm","123","ZAR","Excl VAT","Eastern Cape","","10h00, 2 working days prior","12h00, 2 working days prior","Andre Segadavan | 041 504 7325 | segadavana@theherald.co.za","The Herald 2026 PDF p2-p4"
"ARENA-0139","Arena Holdings","The Herald","Print","Company Reports & Financial Notices","Company Reports","Full Colour","psccm","304","ZAR","Excl VAT","Eastern Cape","","","","","The Herald 2026 PDF p2-p4"
"ARENA-0140","Arena Holdings","The Herald","Print","Company Reports & Financial Notices","Company Reports","1 Spot Colour","psccm","206","ZAR","Excl VAT","Eastern Cape","","","","","The Herald 2026 PDF p2-p4"
"ARENA-0141","Arena Holdings","The Herald","Print","Company Reports & Financial Notices","Company Reports","Black & White","psccm","165","ZAR","Excl VAT","Eastern Cape","","","","","The Herald 2026 PDF p2-p4"
"ARENA-0142","Arena Holdings","The Herald","Print","Section Rates","Auctions Display B&W","Auctions Display B&W","psccm","122","ZAR","Excl VAT","Eastern Cape","","","","","The Herald 2026 PDF p2-p4"
"ARENA-0143","Arena Holdings","The Herald","Print","Section Rates","Employment Display B&W","Employment Display B&W","psccm","126","ZAR","Excl VAT","Eastern Cape","","","","","The Herald 2026 PDF p2-p4"
"ARENA-0144","Arena Holdings","The Herald","Print","Section Rates","Legal Notices & Tenders B&W","Legal Notices & Tenders B&W","psccm","156","ZAR","Excl VAT","Eastern Cape","","","","","The Herald 2026 PDF p2-p4"
"ARENA-0145","Arena Holdings","The Herald","Print","Section Rates","Monday Careers National Combo","Monday Careers National Combo","psccm","301","ZAR","Excl VAT","Eastern Cape","","","","","The Herald 2026 PDF p2-p4"
"ARENA-0146","Arena Holdings","The Herald","Print","Section Rates","Monday Careers Regional Combo","Monday Careers Regional Combo","psccm","248","ZAR","Excl VAT","Eastern Cape","","","","","The Herald 2026 PDF p2-p4"
"ARENA-0147","Arena Holdings","The Herald","Print","OPI","Outside Printed Insert","Tabloid","Per Thousand","950","ZAR","Excl VAT","Eastern Cape","4 to 8","","","","The Herald 2026 PDF p3"
"ARENA-0148","Arena Holdings","The Herald","Print","OPI","Outside Printed Insert","Tabloid","Per Thousand","1001","ZAR","Excl VAT","Eastern Cape","8 to 16","","","","The Herald 2026 PDF p3"
"ARENA-0149","Arena Holdings","The Herald","Print","OPI","Outside Printed Insert","Tabloid","Per Thousand","1102","ZAR","Excl VAT","Eastern Cape","16 to 24","","","","The Herald 2026 PDF p3"
"ARENA-0150","Arena Holdings","The Herald","Print","OPI","Outside Printed Insert","Tabloid","Per Thousand","1270","ZAR","Excl VAT","Eastern Cape","24 to 32","","","","The Herald 2026 PDF p3"
"ARENA-0151","Arena Holdings","The Herald","Print","OPI","Outside Printed Insert","A4","Per Thousand","1119","ZAR","Excl VAT","Eastern Cape","4 to 8","","","","The Herald 2026 PDF p3"
"ARENA-0152","Arena Holdings","The Herald","Print","OPI","Outside Printed Insert","A4","Per Thousand","1186","ZAR","Excl VAT","Eastern Cape","8 to 16","","","","The Herald 2026 PDF p3"
"ARENA-0153","Arena Holdings","The Herald","Print","OPI","Outside Printed Insert","A4","Per Thousand","1245","ZAR","Excl VAT","Eastern Cape","16 to 24","","","","The Herald 2026 PDF p3"
"ARENA-0154","Arena Holdings","The Herald","Print","OPI","Outside Printed Insert","A4","Per Thousand","1243","ZAR","Excl VAT","Eastern Cape","24 to 32","","","","The Herald 2026 PDF p3"
"ARENA-0155","Arena Holdings","The Herald","Print","OPI","Outside Printed Insert","A5","Per Thousand","1344","ZAR","Excl VAT","Eastern Cape","4 to 8","","","","The Herald 2026 PDF p3"
"ARENA-0156","Arena Holdings","The Herald","Print","OPI","Outside Printed Insert","A5","Per Thousand","1424","ZAR","Excl VAT","Eastern Cape","8 to 16","","","","The Herald 2026 PDF p3"
"ARENA-0157","Arena Holdings","The Herald","Print","OPI","Outside Printed Insert","A5","Per Thousand","1512","ZAR","Excl VAT","Eastern Cape","16 to 24","","","","The Herald 2026 PDF p3"
"ARENA-0158","Arena Holdings","The Herald","Print","OPI","Outside Printed Insert","A5","Per Thousand","1601","ZAR","Excl VAT","Eastern Cape","24 to 32","","","","The Herald 2026 PDF p3"
"ARENA-0159","Arena Holdings","TimesLive","Digital","24 Hour Sponsorship","HPTO Desktop & Mobile","Sponsorship","Fixed","80769","ZAR","Excl VAT","Digital","250,000 impressions","","","","Arena Digital 2026 PDFs p9/p8/p13/p7"
"ARENA-0160","Arena Holdings","TimesLive","Digital","24 Hour Sponsorship","Section Takeover Desktop & Mobile","Sponsorship","Fixed","40385","ZAR","Excl VAT","Digital","250,000 impressions","","","","Arena Digital 2026 PDFs p9/p8/p13/p7"
"ARENA-0161","Arena Holdings","Sunday Times","Digital","24 Hour Sponsorship","HPTO Desktop & Mobile","Sponsorship","Fixed","6730","ZAR","Excl VAT","Digital","17,000 impressions","","","","Arena Digital 2026 PDFs p9/p8/p13/p7"
"ARENA-0162","Arena Holdings","Sunday Times","Digital","24 Hour Sponsorship","Section Takeover Desktop & Mobile","Sponsorship","Fixed","3365","ZAR","Excl VAT","Digital","17,000 impressions","","","","Arena Digital 2026 PDFs p9/p8/p13/p7"
"ARENA-0163","Arena Holdings","ST Lifestyle","Digital","24 Hour Sponsorship","HPTO Desktop & Mobile","Sponsorship","Fixed","10769","ZAR","Excl VAT","Digital","28,000 impressions","","","","Arena Digital 2026 PDFs p9/p8/p13/p7"
"ARENA-0164","Arena Holdings","Business Day","Digital","24 Hour Sponsorship","HPTO Desktop & Mobile","Sponsorship","Fixed","33650","ZAR","Excl VAT","Digital","44,000 impressions","","","","Arena Digital 2026 PDFs p9/p8/p13/p7"
"ARENA-0165","Arena Holdings","Business Day","Digital","24 Hour Sponsorship","Section Takeover Desktop & Mobile","Sponsorship","Fixed","21032","ZAR","Excl VAT","Digital","44,000 impressions","","","","Arena Digital 2026 PDFs p9/p8/p13/p7"
"ARENA-0166","Arena Holdings","Business Times","Digital","24 Hour Sponsorship","HPTO Desktop & Mobile","Sponsorship","Fixed","2775","ZAR","Excl VAT","Digital","5,000 impressions","","","","Arena Digital 2026 PDFs p9/p8/p13/p7"
"ARENA-0167","Arena Holdings","Business Times","Digital","24 Hour Sponsorship","Section Takeover Desktop & Mobile","Sponsorship","Fixed","1735","ZAR","Excl VAT","Digital","5,000 impressions","","","","Arena Digital 2026 PDFs p9/p8/p13/p7"
"ARENA-0168","Arena Holdings","Financial Mail","Digital","24 Hour Sponsorship","HPTO Desktop & Mobile","Sponsorship","Fixed","31356","ZAR","Excl VAT","Digital","41,000 impressions","","","","Arena Digital 2026 PDFs p9/p8/p13/p7"
"ARENA-0169","Arena Holdings","Financial Mail","Digital","24 Hour Sponsorship","Section Takeover Desktop & Mobile","Sponsorship","Fixed","17456","ZAR","Excl VAT","Digital","41,000 impressions","","","","Arena Digital 2026 PDFs p9/p8/p13/p7"
"ARENA-0170","Arena Holdings","Sowetan","Digital","24 Hour Sponsorship","HPTO Desktop & Mobile","Sponsorship","Fixed","80769","ZAR","Excl VAT","Digital","250,000 impressions","","","","Arena Digital 2026 PDFs p9/p8/p13/p7"
"ARENA-0171","Arena Holdings","Sowetan","Digital","24 Hour Sponsorship","Section Takeover Desktop & Mobile","Sponsorship","Fixed","40385","ZAR","Excl VAT","Digital","250,000 impressions","","","","Arena Digital 2026 PDFs p9/p8/p13/p7"
"ARENA-0172","Arena Holdings","TshisaLive","Digital","24 Hour Sponsorship","HPTO Desktop & Mobile","Sponsorship","Fixed","10256","ZAR","Excl VAT","Digital","25,000 impressions","","","","Arena Digital 2026 PDFs p9/p8/p13/p7"
"ARENA-0173","Arena Holdings","TimesLive Sport","Digital","24 Hour Sponsorship","HPTO Desktop & Mobile","Sponsorship","Fixed","5769","ZAR","Excl VAT","Digital","13,000 impressions","","","","Arena Digital 2026 PDFs p9/p8/p13/p7"
"ARENA-0174","Arena Holdings","TimesLive Sport","Digital","24 Hour Sponsorship","Section Takeover Desktop & Mobile","Sponsorship","Fixed","3606","ZAR","Excl VAT","Digital","13,000 impressions","","","","Arena Digital 2026 PDFs p9/p8/p13/p7"
"ARENA-0175","Arena Holdings","The Herald","Digital","24 Hour Sponsorship","HPTO Desktop & Mobile","Sponsorship","Fixed","7404","ZAR","Excl VAT","Digital","20,000 impressions","","","","Arena Digital 2026 PDFs p9/p8/p13/p7"
"ARENA-0176","Arena Holdings","The Herald","Digital","24 Hour Sponsorship","Section Takeover Desktop & Mobile","Sponsorship","Fixed","4628","ZAR","Excl VAT","Digital","20,000 impressions","","","","Arena Digital 2026 PDFs p9/p8/p13/p7"
"ARENA-0177","Arena Holdings","Daily Dispatch","Digital","24 Hour Sponsorship","HPTO Desktop & Mobile","Sponsorship","Fixed","4712","ZAR","Excl VAT","Digital","14,000 impressions","","","","Arena Digital 2026 PDFs p9/p8/p13/p7"
"ARENA-0178","Arena Holdings","Daily Dispatch","Digital","24 Hour Sponsorship","Section Takeover Desktop & Mobile","Sponsorship","Fixed","2945","ZAR","Excl VAT","Digital","14,000 impressions","","","","Arena Digital 2026 PDFs p9/p8/p13/p7"
"ARENA-0179","Arena Holdings","Arena Network","Digital","Display Rates","Run of Network - All Sizes","Digital CPM","CPM","233","ZAR","Excl VAT","Digital","","","","","Arena Digital 2026 PDFs"
"ARENA-0180","Arena Holdings","Arena Network","Digital","Display Rates","Run of Network - High Impact","Digital CPM","CPM","290","ZAR","Excl VAT","Digital","","","","","Arena Digital 2026 PDFs"
"ARENA-0181","Arena Holdings","Arena Network","Digital","Display Rates","Arena Video Display","Digital CPM","CPM","500","ZAR","Excl VAT","Digital","","","","","Arena Digital 2026 PDFs"
"ARENA-0182","Arena Holdings","Arena Network","Digital","Display Rates","Geo/Section/Viewability/Audience/Premium Layering","Digital CPM","CPM","56","ZAR","Excl VAT","Digital","","","","","Arena Digital 2026 PDFs"
"ARENA-0183","Arena Holdings","Arena Network","Digital","Display Rates","In-Image Ad Unit","Digital CPM","CPM","389","ZAR","Excl VAT","Digital","","","","","Arena Digital 2026 PDFs"
"ARENA-0184","Arena Holdings","Arena Network","Digital","Display Rates","Interstitial Ad Unit","Digital CPM","CPM","389","ZAR","Excl VAT","Digital","","","","","Arena Digital 2026 PDFs"
"ARENA-0185","Arena Holdings","Arena Network","Digital","Display Rates","Newsletter In-Article Ad Unit","Digital CPM","CPM","330","ZAR","Excl VAT","Digital","","","","","Arena Digital 2026 PDFs"
"ARENA-0186","Arena Holdings","Arena Network","Digital","Display Rates","In-Banner Video","Digital CPM","CPM","400","ZAR","Excl VAT","Digital","","","","","Arena Digital 2026 PDFs"
"ARENA-0187","Arena Holdings","Arena Network","Digital","Native / Content Package","Standard Native Package","Package","Package","50000","ZAR","Excl VAT","Digital","","","","","Arena Digital 2026 PDFs p10/p11"
"ARENA-0188","Arena Holdings","Arena Network","Digital","Native / Content Package","Sponsored Content","Package","Package","34000","ZAR","Excl VAT","Digital","","","","","Arena Digital 2026 PDFs p10/p11"
"ARENA-0189","Arena Holdings","Arena Network","Digital","Native / Content Package","Listical Profiles","Package","Package","150000","ZAR","Excl VAT","Digital","","","","","Arena Digital 2026 PDFs p10/p11"
"ARENA-0190","Arena Holdings","Arena Network","Digital","Native / Content Package","Premium Native Package","Package","Package","67000","ZAR","Excl VAT","Digital","","","","","Arena Digital 2026 PDFs p10/p11"
"ARENA-0191","Arena Holdings","Arena Network","Digital","Native / Content Package","Partner Hub Monthly","Package","Monthly","55000","ZAR","Excl VAT","Digital","","","","","Arena Digital 2026 PDFs p10/p11"
