"channel","inventory_row_type","province","city","suburb","area","outlet_name","inventory_name","package_name","slot_label","media_subtype","rate_type","pricing_basis","internal_cost_zar","reference_sell_value_zar","estimated_gross_margin_zar","estimated_gross_margin_percent","raw_rate_zar","cost_zar","investment_zar","cost_per_month_zar","value_zar","inventory_key","source_type"
"ooh","site","Eastern Cape","East London","Cambridge","Cambridge","BlackSpace","Hemingways Mall,, East London","","","Digital Screen | indoor","Digital Screen | indoor","ooh_cost_vs_raw_rate","6000","8000","2000","33.33","8000","6000",,,,"ooh_site:b84a3518-78f1-459e-b042-b31d0a861417","ooh"
"ooh","site","Eastern Cape","East London","Cambridge Production &","Cambridge Production &","BlackSpace","Hemingways Mall,, East London","","","Static Exit Wall Banner | indoor","Static Exit Wall Banner | indoor","ooh_cost_vs_raw_rate","6500","8500","2000","30.77","8500","6500",,,,"ooh_site:f6f98ced-a366-4a45-a303-b27b52d7882d","ooh"
"ooh","site","Eastern Cape","East London","Cambridge Production &","Cambridge Production &","BlackSpace","Hemingways Mall,, East London","","","Static Parking Wall | Outdoor","Static Parking Wall | Outdoor","ooh_cost_vs_raw_rate","12000","15000","3000","25","15000","12000",,,,"ooh_site:67ed9381-9095-4299-a5a5-d876299f65cf","ooh"
"ooh","site","Eastern Cape","East London","Cambridge Production &","Cambridge Production &","BlackSpace","Hemingways Mall,, East London","","","Static Atrium Walls | indoor","Static Atrium Walls | indoor","ooh_cost_vs_raw_rate","5000","8000","3000","60","8000","5000",,,,"ooh_site:6395c523-a039-4522-89ce-3f2b437b0f5c","ooh"
"ooh","site","Eastern Cape","East London","Cambridge Production &","Cambridge Production &","BlackSpace","Hemingways Mall,, East London","","","Static Glass Wall Wrap | Outdoor","Static Glass Wall Wrap | Outdoor","ooh_cost_vs_raw_rate","10000","12000","2000","20","12000","10000",,,,"ooh_site:f886d328-add2-47f0-aeb8-0cd0f7b47865","ooh"
"ooh","site","Eastern Cape","East London","Cambridge Production &","Cambridge Production &","BlackSpace","Hemingways Mall,, East London","","","Static Elevator Panels | indoor","Static Elevator Panels | indoor","ooh_cost_vs_raw_rate","8000","10000","2000","25","10000","8000",,,,"ooh_site:102b5f70-9108-40af-81fd-1215a3c322a6","ooh"
"ooh","site","Eastern Cape","East London","Cambridge Production &","Cambridge Production &","BlackSpace","Hemingways Mall,, East London","","","Static Wall Banners | indoor","Static Wall Banners | indoor","ooh_cost_vs_raw_rate","6000","8000","2000","33.33","8000","6000",,,,"ooh_site:5025da35-d4a3-4fb1-b3cd-11eef60f8466","ooh"
"ooh","site","Eastern Cape","East London","Cambridge Production &","Cambridge Production &","BlackSpace","Hemingways Mall,, East London","","","Static Escalator Wrap | indoor","Static Escalator Wrap | indoor","ooh_cost_vs_raw_rate","10000","15000","5000","50","15000","10000",,,,"ooh_site:0c2a5fe8-8ff4-4d61-9351-84adf57b163e","ooh"
"ooh","site","Eastern Cape","East London","Cambridge Production &","Cambridge Production &","BlackSpace","Hemingways Mall,, East London","","","Static Lift Wrap | indoor","Static Lift Wrap | indoor","ooh_cost_vs_raw_rate","5500","8500","3000","54.55","8500","5500",,,,"ooh_site:de4dbc49-b3be-4c16-9576-4a8334e4d61b","ooh"
"ooh","site","Eastern Cape","East London","Cambridge Production &","Cambridge Production &","BlackSpace","Hemingways Mall,, East London","","","Static Sky Cube | indoor","Static Sky Cube | indoor","ooh_cost_vs_raw_rate","10000","15000","5000","50","15000","10000",,,,"ooh_site:9d585900-d9b3-4d5e-84f0-46d7329bc5c9","ooh"
"ooh","site","Eastern Cape","East London","Cambridge Production &","Cambridge Production &","BlackSpace","Hemingways Mall,, East London","","","Static Hanging Banners | indoor","Static Hanging Banners | indoor","ooh_cost_vs_raw_rate","6000","8000","2000","33.33","8000","6000",,,,"ooh_site:0b5e78a8-ac75-47d7-acb6-9dea66539e03","ooh"
"ooh","site","Eastern Cape","Gqeberha (Port Elizabeth) ","Baywest Boulevard","Baywest Boulevard","BlackSpace","Baywest Mall,, Gqiberha","","","Digital Screen | indoor","Digital Screen | indoor","ooh_cost_vs_raw_rate","45000","50000","5000","11.11","50000","45000",,,,"ooh_site:cd623431-b0f3-4f0f-a784-310d2f19aefc","ooh"
"ooh","site","Eastern Cape","Gqeberha (Port Elizabeth) ","Baywest Boulevard","Baywest Boulevard","BlackSpace","Baywest Mall,, Gqiberha","","","Digital Screen | indoor","Digital Screen | indoor","ooh_cost_vs_raw_rate","5000","8000","3000","60","8000","5000",,,,"ooh_site:37b71891-ad0b-4195-a527-f57c232bec8b","ooh"
"ooh","site","Eastern Cape","Gqeberha (Port Elizabeth) ","Baywest Boulevard Production &","Baywest Boulevard Production &","BlackSpace","Baywest Mall,, Gqiberha","","","Static Entrance Gantry Billboard | Outdoor","Static Entrance Gantry Billboard | Outdoor","ooh_cost_vs_raw_rate","50000","60000","10000","20","60000","50000",,,,"ooh_site:004e0b3d-5309-48ad-adf4-d6eafaf13503","ooh"
"ooh","site","Eastern Cape","Gqeberha (Port Elizabeth) ","Baywest Boulevard Production &","Baywest Boulevard Production &","BlackSpace","Baywest Mall,, Gqiberha","","","Static Revolving Door Panels | Indoor + Outdoor","Static Revolving Door Panels | Indoor + Outdoor","ooh_cost_vs_raw_rate","8000","10000","2000","25","10000","8000",,,,"ooh_site:c2e676db-4140-4da0-af25-9274b2271ad0","ooh"
"ooh","site","Eastern Cape","Gqeberha (Port Elizabeth) ","Baywest Boulevard Production &","Baywest Boulevard Production &","BlackSpace","Baywest Mall,, Gqiberha","","","Static Roadside Billboard | Outdoor","Static Roadside Billboard | Outdoor","ooh_cost_vs_raw_rate","15000","20000","5000","33.33","20000","15000",,,,"ooh_site:98c52c48-ce8f-4b53-9c88-a6cc2d97e92c","ooh"
"ooh","site","Eastern Cape","Gqeberha (Port Elizabeth) ","Baywest Boulevard Production &","Baywest Boulevard Production &","BlackSpace","Baywest Mall,, Gqiberha","","","Static Lift Door Wrap | Indoor + Outdoor","Static Lift Door Wrap | Indoor + Outdoor","ooh_cost_vs_raw_rate","4500","8000","3500","77.78","8000","4500",,,,"ooh_site:5dca4619-7a54-4704-8df1-6672970f2452","ooh"
"ooh","site","Gauteng","Johannesburg","CBD","CBD","BlackSpace","CBD, Johannesburg","","","Static Wall Billboard | Outdoor","Static Wall Billboard | Outdoor","ooh_cost_vs_raw_rate","45000","60000","15000","33.33","60000","45000",,,,"ooh_site:6127c5e8-7021-4128-b3cc-1fb0fc25b113","ooh"
"ooh","site","Gauteng","Johannesburg","DiepKloof, Soweto","DiepKloof, Soweto","BlackSpace","Soweto,, Johannesburg","","","Static Billboard | Outdoor","Static Billboard | Outdoor","ooh_cost_vs_raw_rate","40000","45000","5000","12.5","45000","40000",,,,"ooh_site:188a715f-4cc4-480e-8ab0-4e0b4d141d83","ooh"
"ooh","site","Gauteng","Johannesburg","Fleufhof, Soweto","Fleufhof, Soweto","BlackSpace","Soweto,, Johannesburg","","","Static Parking Wrap | Outdoor","Static Parking Wrap | Outdoor","ooh_cost_vs_raw_rate","45000","55000","10000","22.22","55000","45000",,,,"ooh_site:6d3352fb-95fa-45fe-b124-4ab9fe275b56","ooh"
"ooh","site","Gauteng","Johannesburg","Gandhi Square, Marshalltown","Gandhi Square, Marshalltown","BlackSpace","Gandhi Square,, Johannesburg","","","Static Wall Wrap | Outdoor","Static Wall Wrap | Outdoor","ooh_cost_vs_raw_rate","120000","160000","40000","33.33","160000","120000",,,,"ooh_site:4c5d9a8a-1325-499e-a666-93759f72d925","ooh"
"ooh","site","Gauteng","Johannesburg","Hyde Park Corner, Hyde Park","Hyde Park Corner, Hyde Park","BlackSpace","Hyde Park,, Johannesburg","","","Static Tower Wrap | Outdoor","Static Tower Wrap | Outdoor","ooh_cost_vs_raw_rate","80000","100000","20000","25","100000","80000",,,,"ooh_site:46eef22c-ccdf-4e5a-824c-5a9a591e289d","ooh"
"ooh","site","Gauteng","Johannesburg","Hyde Park Corner, Hyde Park","Hyde Park Corner, Hyde Park","BlackSpace","Hyde Park,, Johannesburg","","","Digital Screen | Indoor","Digital Screen | Indoor","ooh_cost_vs_raw_rate","10000","15000","5000","50","15000","10000",,,,"ooh_site:d71eecd6-c21f-4cdb-b6ea-e5adeafc2e1c","ooh"
"radio","package","gauteng","Johannesburg","","Johannesburg","YFM 99.2","YFM 99.2 - 100 for 100 - Generics + Digital (4 Weeks)","100 for 100 - Generics + Digital (4 Weeks)","","generic","package","broadcast_investment_vs_value","118252","601400","483148","408.57",,"118252","118252",,"601400","radio_package:886d555d-f37b-1c67-fdb6-b0eed18c3da2","radio_package"
"radio","package","gauteng","Johannesburg","","Johannesburg","YFM 99.2","YFM 99.2 - 50 for 50 Package - Generics (4 Weeks)","50 for 50 Package - Generics (4 Weeks)","","generic","package","broadcast_investment_vs_value","51374","302200","250826","488.24",,"51374","51374",,"302200","radio_package:de4a431c-6ac2-4bb8-778d-f17d459e5129","radio_package"
"radio","package","gauteng","Johannesburg","","Johannesburg","YFM 99.2","YFM 99.2 - Live Reads + Digital (1 Week)","Live Reads + Digital (1 Week)","","generic","package","broadcast_investment_vs_value","22382","120875","98493","440.05",,"22382","22382",,"120875","radio_package:7403d400-0c27-b370-49d2-72b80cbc2054","radio_package"
"ooh","site","Gauteng","Johannesburg","Rosebank Mall, Rosebank","Rosebank Mall, Rosebank","BlackSpace","Rosebank,, Johannesburg","","","Digital Screen | Indoor","Digital Screen | Indoor","ooh_cost_vs_raw_rate","15000","20000","5000","33.33","20000","15000",,,,"ooh_site:a39ec915-1024-4362-9d98-fc1c4274a4c8","ooh"
"ooh","site","Gauteng","Johannesburg","Rosebank Mall, Rosebank","Rosebank Mall, Rosebank","BlackSpace","Rosebank,, Johannesburg","","","Static Corner Wrap | Outdoor","Static Corner Wrap | Outdoor","ooh_cost_vs_raw_rate","25000","30000","5000","20","30000","25000",,,,"ooh_site:d4081eaa-077d-43c4-b366-94790f6089f5","ooh"
"ooh","site","Gauteng","Johannesburg","The Glen Mall, Oakdene","The Glen Mall, Oakdene","BlackSpace","The Glen Mall,, Johannesburg","","","Digital Screen | Indoor","Digital Screen | Indoor","ooh_cost_vs_raw_rate","15000","20000","5000","33.33","20000","15000",,,,"ooh_site:3f021366-e6e7-44a1-8a59-1b6b299919b0","ooh"
"ooh","site","Gauteng","Pretoria","CBD","CBD","BlackSpace","Bloed Street Mall,, Pretoria","","","Static Wall Banner | Indoor","Static Wall Banner | Indoor","ooh_cost_vs_raw_rate","4500","8500","4000","88.89","8500","4500",,,,"ooh_site:8b9f25f4-1763-4374-9342-a66fb9e430fc","ooh"
"ooh","site","Gauteng","Pretoria","CBD","CBD","BlackSpace","Bloed Street Mall,, Pretoria","","","Static Wall Banner | Indoor","Static Wall Banner | Indoor","ooh_cost_vs_raw_rate","5500","8500","3000","54.55","8500","5500",,,,"ooh_site:1ccaf38e-af5d-4db2-99c0-ba77b6f44af4","ooh"
"ooh","site","Gauteng","Pretoria","CBD","CBD","BlackSpace","Bloed Street Mall,, Pretoria","","","Static Lift Door Wrap | Indoor","Static Lift Door Wrap | Indoor","ooh_cost_vs_raw_rate","4000","8000","4000","100","8000","4000",,,,"ooh_site:d5633d89-f86a-4fd7-b70f-7f2743fc10e9","ooh"
"ooh","site","Gauteng","Pretoria","CBD","CBD","BlackSpace","Bloed Street Mall,, Pretoria","","","Static Taxi Rank Entrance Banner | Indoor","Static Taxi Rank Entrance Banner | Indoor","ooh_cost_vs_raw_rate","10000","15000","5000","50","15000","10000",,,,"ooh_site:dfdf72bc-d3d3-4370-b61b-f61f37b258b1","ooh"
"ooh","site","Gauteng","Pretoria","Soshanguve","Soshanguve","BlackSpace","Sunnypark Shopping, Centre, Pretoria","","","Digital Screen | Outdoor","Digital Screen | Outdoor","ooh_cost_vs_raw_rate","10000","15000","5000","50","15000","10000",,,,"ooh_site:f0dab127-8a7a-46f6-aa0d-4e16c68a84c0","ooh"
"ooh","site","Gauteng","Pretoria","Sunnyside","Sunnyside","BlackSpace","Sunnypark Shopping, Centre, Pretoria","","","Static Hanging Banner | Indoor","Static Hanging Banner | Indoor","ooh_cost_vs_raw_rate","5000","8500","3500","70","8500","5000",,,,"ooh_site:67a8cf73-9ecd-4b6e-8ad7-72f3c92c43f9","ooh"
"ooh","site","Gauteng","Pretoria","Sunnyside","Sunnyside","BlackSpace","Sunnypark Shopping, Centre, Pretoria","","","Static Pillar Wrap | Indoor","Static Pillar Wrap | Indoor","ooh_cost_vs_raw_rate","4500","8500","4000","88.89","8500","4500",,,,"ooh_site:0557c6aa-0e1f-43fe-a7d6-531d90058c84","ooh"
"ooh","site","Gauteng","Pretoria","Sunnyside","Sunnyside","BlackSpace","Sunnypark Shopping, Centre, Pretoria","","","Static Parking Gantry | Outdoor","Static Parking Gantry | Outdoor","ooh_cost_vs_raw_rate","5000","7500","2500","50","7500","5000",,,,"ooh_site:61199278-3691-4a4d-b95c-365ecc996ddb","ooh"
"ooh","site","Gauteng","Pretoria","Sunnyside","Sunnyside","BlackSpace","Sunnypark Shopping, Centre, Pretoria","","","Static Parking Wall | Outdoor","Static Parking Wall | Outdoor","ooh_cost_vs_raw_rate","6000","8500","2500","41.67","8500","6000",,,,"ooh_site:6631a78c-08b5-4714-84fe-650917207103","ooh"
"ooh","site","Gauteng","Pretoria","Sunnyside","Sunnyside","BlackSpace","Sunnypark Shopping, Centre, Pretoria","","","Static Lift Panels | Indoor","Static Lift Panels | Indoor","ooh_cost_vs_raw_rate","8500","12500","4000","47.06","12500","8500",,,,"ooh_site:c931fdfb-43b8-484b-ad55-e034295783b3","ooh"
"ooh","site","Gauteng","Pretoria","Sunnyside","Sunnyside","BlackSpace","Sunnypark Shopping, Centre, Pretoria","","","Static Parking Wall | Outdoor","Static Parking Wall | Outdoor","ooh_cost_vs_raw_rate","5000","7500","2500","50","7500","5000",,,,"ooh_site:cf63588f-d16d-45e8-b755-c10dcc3e952f","ooh"
"ooh","site","Gauteng","Pretoria","Sunnyside","Sunnyside","BlackSpace","Sunnypark Shopping, Centre, Pretoria","","","Static Glass Balustrades | Indoor","Static Glass Balustrades | Indoor","ooh_cost_vs_raw_rate","5500","8500","3000","54.55","8500","5500",,,,"ooh_site:fa8e9d00-4648-4d75-b6e6-763dfe46bfec","ooh"
"ooh","site","Gauteng","Pretoria","Sunnyside","Sunnyside","BlackSpace","Sunnypark Shopping, Centre, Pretoria","","","Static Wall Banner | Indoor","Static Wall Banner | Indoor","ooh_cost_vs_raw_rate","4500","8500","4000","88.89","8500","4500",,,,"ooh_site:3b09a6e8-da1d-494e-9039-981073cd2f48","ooh"
"ooh","site","Gauteng","Pretoria","Sunnyside","Sunnyside","BlackSpace","Sunnypark Shopping, Centre, Pretoria","","","Static Overhead Banner | Indoor","Static Overhead Banner | Indoor","ooh_cost_vs_raw_rate","4500","8500","4000","88.89","8500","4500",,,,"ooh_site:031253fb-4fe7-44b3-9a49-bd27e8e2a52d","ooh"
"ooh","site","Gauteng","Pretoria","Sunnyside","Sunnyside","BlackSpace","Sunnypark Shopping, Centre, Pretoria","","","Static Elevator Wrap | Indoor","Static Elevator Wrap | Indoor","ooh_cost_vs_raw_rate","18500","22500","4000","21.62","22500","18500",,,,"ooh_site:53bad7b8-8250-4231-ba0a-85b68de8a445","ooh"
"ooh","site","Gauteng","Pretoria","Sunnyside","Sunnyside","BlackSpace","Sunnypark Shopping, Centre, Pretoria","","","Static Lift Door Wrap | Indoor","Static Lift Door Wrap | Indoor","ooh_cost_vs_raw_rate","5500","8500","3000","54.55","8500","5500",,,,"ooh_site:97deb959-b85e-4b03-b9f4-31917e43d6bd","ooh"
"ooh","site","Gauteng","Pretoria","Sunnyside","Sunnyside","BlackSpace","Sunnypark Shopping, Centre, Pretoria","","","Static Escalator Wrap | Indoor","Static Escalator Wrap | Indoor","ooh_cost_vs_raw_rate","8500","10500","2000","23.53","10500","8500",,,,"ooh_site:fb85aca2-0052-40de-80ce-e4eb8aaf2fbf","ooh"
"ooh","site","Gauteng","Pretoria","Sunnyside","Sunnyside","BlackSpace","Sunnypark Shopping, Centre, Pretoria","","","Static Entrance Wall | Outdoor","Static Entrance Wall | Outdoor","ooh_cost_vs_raw_rate","42000","48000","6000","14.29","48000","42000",,,,"ooh_site:03f15c2e-11d1-4c5b-8c67-f6bbdfc2c7de","ooh"
"radio","slot","gauteng","Soweto","","Soweto","Jozi FM","Jozi FM - 00:00-05:00","","00:00-05:00","spot","spot","broadcast_investment_vs_value",,,,,"1290","1290",,,,"radio_slot:1f08c0fd-eb4b-e6e7-6886-28c25d37a51a","radio_slot"
"radio","slot","gauteng","Soweto","","Soweto","Jozi FM","Jozi FM - 00:00-06:00","","00:00-06:00","spot","spot","broadcast_investment_vs_value",,,,,"1290","1290",,,,"radio_slot:859289aa-f8a0-8eaf-fb36-e32b8790fcbc","radio_slot"
"radio","slot","gauteng","Soweto","","Soweto","Jozi FM","Jozi FM - 05:00-06:00","","05:00-06:00","spot","spot","broadcast_investment_vs_value",,,,,"1880","1880",,,,"radio_slot:1d083042-af9d-7f9c-af8e-e5f877b6a1a8","radio_slot"
"radio","slot","gauteng","Soweto","","Soweto","Jozi FM","Jozi FM - 06:00-09:00","","06:00-09:00","spot","spot","broadcast_investment_vs_value",,,,,"3300","3300",,,,"radio_slot:9bc7efb0-8392-7cd4-b8bd-43afcc7a7dda","radio_slot"
"radio","slot","gauteng","Soweto","","Soweto","Jozi FM","Jozi FM - 06:00-09:00","","06:00-09:00","spot","spot","broadcast_investment_vs_value",,,,,"3300","3300",,,,"radio_slot:6c339197-c105-a15f-db84-a8bc57f376c5","radio_slot"
"radio","slot","gauteng","Soweto","","Soweto","Jozi FM","Jozi FM - 09:00-12:00","","09:00-12:00","spot","spot","broadcast_investment_vs_value",,,,,"1290","1290",,,,"radio_slot:284ba65d-4ad7-854c-d94f-8d09b89adfcb","radio_slot"
"radio","slot","gauteng","Soweto","","Soweto","Jozi FM","Jozi FM - 09:00-12:00","","09:00-12:00","spot","spot","broadcast_investment_vs_value",,,,,"3080","3080",,,,"radio_slot:f0cb4c35-1707-1be7-6485-b593c257ed56","radio_slot"
"radio","slot","gauteng","Soweto","","Soweto","Jozi FM","Jozi FM - 09:00-12:00","","09:00-12:00","spot","spot","broadcast_investment_vs_value",,,,,"3080","3080",,,,"radio_slot:0aa204cd-a2e3-e95d-2085-48656d37d08c","radio_slot"
"radio","slot","gauteng","Soweto","","Soweto","Jozi FM","Jozi FM - 12:00-15:00","","12:00-15:00","spot","spot","broadcast_investment_vs_value",,,,,"2980","2980",,,,"radio_slot:f6258c0d-44cb-688a-eaef-5ef117aae3fb","radio_slot"
"radio","slot","gauteng","Soweto","","Soweto","Jozi FM","Jozi FM - 12:00-16:00","","12:00-16:00","spot","spot","broadcast_investment_vs_value",,,,,"2980","2980",,,,"radio_slot:4529edea-1ae5-3266-7ba9-8d11e8f7c666","radio_slot"
"radio","slot","gauteng","Soweto","","Soweto","Jozi FM","Jozi FM - 15:00-18:00","","15:00-18:00","spot","spot","broadcast_investment_vs_value",,,,,"2750","2750",,,,"radio_slot:d3f3fd52-bb1d-b548-da65-59f22c1d2fd0","radio_slot"
"radio","slot","gauteng","Soweto","","Soweto","Jozi FM","Jozi FM - 16:00-20:00","","16:00-20:00","spot","spot","broadcast_investment_vs_value",,,,,"2750","2750",,,,"radio_slot:e6aea7ab-fc1f-aaaa-ea1d-50798fb2fa9c","radio_slot"
"radio","slot","gauteng","Soweto","","Soweto","Jozi FM","Jozi FM - 18:00-22:00","","18:00-22:00","spot","spot","broadcast_investment_vs_value",,,,,"2530","2530",,,,"radio_slot:5010cd1f-57f9-8806-a58f-63cabd3c6617","radio_slot"
"radio","slot","gauteng","Soweto","","Soweto","Jozi FM","Jozi FM - 20:00-22:00","","20:00-22:00","spot","spot","broadcast_investment_vs_value",,,,,"2530","2530",,,,"radio_slot:307c11d1-5ad5-b788-e8f9-1ddb5395651e","radio_slot"
"radio","slot","gauteng","Soweto","","Soweto","Jozi FM","Jozi FM - 22:00-00:00","","22:00-00:00","spot","spot","broadcast_investment_vs_value",,,,,"1290","1290",,,,"radio_slot:c82624c0-caf2-1e5c-462c-a530b1658c6c","radio_slot"
"radio","slot","gauteng","Soweto","","Soweto","Jozi FM","Jozi FM - 22:00-00:00","","22:00-00:00","spot","spot","broadcast_investment_vs_value",,,,,"1290","1290",,,,"radio_slot:4927afbf-a7bf-6911-e190-befe28a4a07f","radio_slot"
"radio","package","gauteng","Soweto","","Soweto","Jozi FM","Jozi FM - Club Package - Generic & Pre-Rolls - 6 Months","Club Package - Generic & Pre-Rolls - 6 Months","","preroll","package","broadcast_investment_vs_value","336930","576360","239430","71.06",,"56155","336930","56155","576360","radio_package:2081645f-8377-e1ca-f85e-36b761fab519","radio_package"
"radio","package","gauteng","Soweto","","Soweto","Jozi FM","Jozi FM - Generic & Sponsorship - 6 Months","Generic & Sponsorship - 6 Months","","sponsorship","package","broadcast_investment_vs_value","288608","577215","288607","100",,"48101","288608","48101","577215","radio_package:7828d907-51de-1b4a-9b7c-218b3f417a77","radio_package"
"radio","package","gauteng","Soweto","","Soweto","Jozi FM","Jozi FM - Plan A - Generic Only - 6 Months","Plan A - Generic Only - 6 Months","","generic","package","broadcast_investment_vs_value","239430","478860","239430","100",,"39905","239430","39905","478860","radio_package:3ca94bc5-a086-d891-9401-139dfc792a2e","radio_package"
"radio","slot","gauteng","Vanderbijlpark","","Vanderbijlpark","Kaya 959","Kaya 959 - 00:00-05:00","","00:00-05:00","spot","spot","broadcast_investment_vs_value",,,,,"420","420",,,,"radio_slot:be629608-8560-9c08-2842-315249a31a5f","radio_slot"
"radio","slot","gauteng","Vanderbijlpark","","Vanderbijlpark","Kaya 959","Kaya 959 - 00:00-05:00","","00:00-05:00","spot","spot","broadcast_investment_vs_value",,,,,"420","420",,,,"radio_slot:1d7001bb-46f1-2ba3-ecbe-70617b56c5c9","radio_slot"
"radio","slot","gauteng","Vanderbijlpark","","Vanderbijlpark","Kaya 959","Kaya 959 - 00:00-05:00","","00:00-05:00","spot","spot","broadcast_investment_vs_value",,,,,"420","420",,,,"radio_slot:f121dc43-aee9-d359-9b31-af6f769316b8","radio_slot"
"radio","slot","gauteng","Vanderbijlpark","","Vanderbijlpark","Kaya 959","Kaya 959 - 05:00-06:00","","05:00-06:00","spot","spot","broadcast_investment_vs_value",,,,,"795","795",,,,"radio_slot:2fa1036c-1891-3e38-a716-b47e33b2975e","radio_slot"
"radio","slot","gauteng","Vanderbijlpark","","Vanderbijlpark","Kaya 959","Kaya 959 - 05:00-06:00","","05:00-06:00","spot","spot","broadcast_investment_vs_value",,,,,"795","795",,,,"radio_slot:115b1985-9726-0552-043d-6ef2c8e4c7e0","radio_slot"
"radio","slot","gauteng","Vanderbijlpark","","Vanderbijlpark","Kaya 959","Kaya 959 - 05:00-06:00","","05:00-06:00","spot","spot","broadcast_investment_vs_value",,,,,"795","795",,,,"radio_slot:22909b74-9f27-eaa2-c966-71b048de1f9b","radio_slot"
"radio","slot","gauteng","Vanderbijlpark","","Vanderbijlpark","Kaya 959","Kaya 959 - 06:00-09:00","","06:00-09:00","spot","spot","broadcast_investment_vs_value",,,,,"4350","4350",,,,"radio_slot:36d8d7c8-e668-54f6-3cc3-513143f83756","radio_slot"
"radio","slot","gauteng","Vanderbijlpark","","Vanderbijlpark","Kaya 959","Kaya 959 - 06:00-09:00","","06:00-09:00","spot","spot","broadcast_investment_vs_value",,,,,"4350","4350",,,,"radio_slot:69744591-0c11-f186-49b6-b155ac2b167e","radio_slot"
"radio","slot","gauteng","Vanderbijlpark","","Vanderbijlpark","Kaya 959","Kaya 959 - 06:00-09:00","","06:00-09:00","spot","spot","broadcast_investment_vs_value",,,,,"4350","4350",,,,"radio_slot:32b77af5-bb0b-92c0-509c-598c0f8166c4","radio_slot"
"radio","slot","gauteng","Vanderbijlpark","","Vanderbijlpark","Kaya 959","Kaya 959 - 09:00-12:00","","09:00-12:00","spot","spot","broadcast_investment_vs_value",,,,,"4245","4245",,,,"radio_slot:a82b9f12-d294-a110-5cba-6ed2461aae95","radio_slot"
"radio","slot","gauteng","Vanderbijlpark","","Vanderbijlpark","Kaya 959","Kaya 959 - 09:00-12:00","","09:00-12:00","spot","spot","broadcast_investment_vs_value",,,,,"4245","4245",,,,"radio_slot:a8255470-d3f1-5e10-e6d3-cdb028c47c23","radio_slot"
"radio","slot","gauteng","Vanderbijlpark","","Vanderbijlpark","Kaya 959","Kaya 959 - 09:00-12:00","","09:00-12:00","spot","spot","broadcast_investment_vs_value",,,,,"4245","4245",,,,"radio_slot:22c63648-ef52-41ef-8619-235ebeedc04a","radio_slot"
"radio","slot","gauteng","Vanderbijlpark","","Vanderbijlpark","Kaya 959","Kaya 959 - 12:00-15:00","","12:00-15:00","spot","spot","broadcast_investment_vs_value",,,,,"2805","2805",,,,"radio_slot:a275a6d2-1b1d-5fd8-5524-a718fdaa3097","radio_slot"
"radio","slot","gauteng","Vanderbijlpark","","Vanderbijlpark","Kaya 959","Kaya 959 - 12:00-15:00","","12:00-15:00","spot","spot","broadcast_investment_vs_value",,,,,"2805","2805",,,,"radio_slot:05e54722-7353-0212-e7df-1ce40cd6dd0c","radio_slot"
"radio","slot","gauteng","Vanderbijlpark","","Vanderbijlpark","Kaya 959","Kaya 959 - 12:00-15:00","","12:00-15:00","spot","spot","broadcast_investment_vs_value",,,,,"2805","2805",,,,"radio_slot:50099552-45c2-0087-80ae-0b83973bc7fb","radio_slot"
"radio","slot","gauteng","Vanderbijlpark","","Vanderbijlpark","Kaya 959","Kaya 959 - 15:00-18:00","","15:00-18:00","spot","spot","broadcast_investment_vs_value",,,,,"3195","3195",,,,"radio_slot:a5f03f07-992e-aac7-b9f4-d40e2b160ea6","radio_slot"
"radio","slot","gauteng","Vanderbijlpark","","Vanderbijlpark","Kaya 959","Kaya 959 - 15:00-18:00","","15:00-18:00","spot","spot","broadcast_investment_vs_value",,,,,"3195","3195",,,,"radio_slot:d9c399b9-4703-1a08-5ded-1e1e79329ae7","radio_slot"
"radio","slot","gauteng","Vanderbijlpark","","Vanderbijlpark","Kaya 959","Kaya 959 - 15:00-18:00","","15:00-18:00","spot","spot","broadcast_investment_vs_value",,,,,"3195","3195",,,,"radio_slot:edf73052-2729-b7de-0833-f21bbdd4068e","radio_slot"
"radio","slot","gauteng","Vanderbijlpark","","Vanderbijlpark","Kaya 959","Kaya 959 - 18:00-20:00","","18:00-20:00","spot","spot","broadcast_investment_vs_value",,,,,"2505","2505",,,,"radio_slot:10c392ed-ef5b-c239-e3b0-bcb214dfc0da","radio_slot"
"radio","slot","gauteng","Vanderbijlpark","","Vanderbijlpark","Kaya 959","Kaya 959 - 18:00-20:00","","18:00-20:00","spot","spot","broadcast_investment_vs_value",,,,,"2505","2505",,,,"radio_slot:ac0541a9-eba2-e8fe-c8f8-c60de2d25551","radio_slot"
"radio","slot","gauteng","Vanderbijlpark","","Vanderbijlpark","Kaya 959","Kaya 959 - 18:00-20:00","","18:00-20:00","spot","spot","broadcast_investment_vs_value",,,,,"2505","2505",,,,"radio_slot:04187a8a-d5bd-7b6a-3ee7-3b8f4de8369c","radio_slot"
"radio","slot","gauteng","Vanderbijlpark","","Vanderbijlpark","Kaya 959","Kaya 959 - 20:00-00:00","","20:00-00:00","spot","spot","broadcast_investment_vs_value",,,,,"1050","1050",,,,"radio_slot:36f6251d-0ed9-b3f7-44c6-b632201e370f","radio_slot"
"radio","slot","gauteng","Vanderbijlpark","","Vanderbijlpark","Kaya 959","Kaya 959 - 20:00-00:00","","20:00-00:00","spot","spot","broadcast_investment_vs_value",,,,,"1050","1050",,,,"radio_slot:e1d7ccc9-4437-8b96-e357-569b5fb4c251","radio_slot"
"radio","slot","gauteng","Vanderbijlpark","","Vanderbijlpark","Kaya 959","Kaya 959 - 20:00-00:00","","20:00-00:00","spot","spot","broadcast_investment_vs_value",,,,,"1050","1050",,,,"radio_slot:e766da62-2191-f323-0bda-4d82c2c8c0a0","radio_slot"
"radio","package","gauteng","Vanderbijlpark","","Vanderbijlpark","Kaya 959","Kaya 959 - Lunch Time","Lunch Time","","generic","package","broadcast_investment_vs_value","23000","91920","68920","299.65",,"23000","23000",,"91920","radio_package:b2c9d8c1-2716-7258-23f7-080f084f475b","radio_package"
"radio","package","gauteng","Vanderbijlpark","","Vanderbijlpark","Kaya 959","Kaya 959 - Powerweek","Powerweek","","generic","package","broadcast_investment_vs_value","76000","255240","179240","235.84",,"76000","76000",,"255240","radio_package:406a07e9-8c8a-bfd9-ad3f-82c489ef3a34","radio_package"
"radio","package","gauteng","Vanderbijlpark","","Vanderbijlpark","Kaya 959","Kaya 959 - Retail Package","Retail Package","","generic","package","broadcast_investment_vs_value","32000","106770","74770","233.66",,"32000","32000",,"106770","radio_package:3f21ebfb-5692-a804-7188-f0141ffb02ba","radio_package"
"radio","package","gauteng","Vanderbijlpark","","Vanderbijlpark","Kaya 959","Kaya 959 - Weekend Package","Weekend Package","","generic","package","broadcast_investment_vs_value","22000","75840","53840","244.73",,"22000","22000",,"75840","radio_package:9eae4a2b-9cb1-7510-2501-f280a01ffc34","radio_package"
"radio","package","gauteng","Vanderbijlpark","","Vanderbijlpark","Kaya 959","Kaya 959 - Workzone","Workzone","","generic","package","broadcast_investment_vs_value","33350","133950","100600","301.65",,"33350","33350",,"133950","radio_package:43f4d687-b0ff-1097-ea9e-c7e633831ce2","radio_package"
"radio","slot","mpumalanga","","","mpumalanga","Ikwekwezi FM","Ikwekwezi FM - 00:00-03:00","","00:00-03:00","spot","spot","broadcast_investment_vs_value",,,,,"240","240",,,,"radio_slot:680f0ff9-d071-9d86-3658-d84b9e6e598e","radio_slot"
"radio","slot","mpumalanga","","","mpumalanga","Ikwekwezi FM","Ikwekwezi FM - 00:00-03:00","","00:00-03:00","spot","spot","broadcast_investment_vs_value",,,,,"270","270",,,,"radio_slot:f940851a-57df-45bb-d3ed-a6fe6b4e83a3","radio_slot"
"radio","slot","mpumalanga","","","mpumalanga","Ikwekwezi FM","Ikwekwezi FM - 03:00-05:00","","03:00-05:00","spot","spot","broadcast_investment_vs_value",,,,,"540","540",,,,"radio_slot:c3c61062-24fc-b2cf-f008-5b4521c4c5a9","radio_slot"
"radio","slot","mpumalanga","","","mpumalanga","Ikwekwezi FM","Ikwekwezi FM - 03:00-06:00","","03:00-06:00","spot","spot","broadcast_investment_vs_value",,,,,"480","480",,,,"radio_slot:54ef7cb4-4ced-08e5-c183-a92cdd2058e1","radio_slot"
"radio","slot","mpumalanga","","","mpumalanga","Ikwekwezi FM","Ikwekwezi FM - 05:00-06:00","","05:00-06:00","spot","spot","broadcast_investment_vs_value",,,,,"3210","3210",,,,"radio_slot:1c64e6f8-686d-4bc4-35de-4dad5c4c7abe","radio_slot"
"radio","slot","mpumalanga","","","mpumalanga","Ikwekwezi FM","Ikwekwezi FM - 06:00-07:00","","06:00-07:00","spot","spot","broadcast_investment_vs_value",,,,,"1050","1050",,,,"radio_slot:bf7d42b6-a4cb-bd00-c47d-98a6ae17bab8","radio_slot"
"radio","slot","mpumalanga","","","mpumalanga","Ikwekwezi FM","Ikwekwezi FM - 06:00-09:00","","06:00-09:00","spot","spot","broadcast_investment_vs_value",,,,,"3450","3450",,,,"radio_slot:3cf88644-f79c-9153-0052-280b827572ff","radio_slot"
"radio","slot","mpumalanga","","","mpumalanga","Ikwekwezi FM","Ikwekwezi FM - 07:00-09:00","","07:00-09:00","spot","spot","broadcast_investment_vs_value",,,,,"1650","1650",,,,"radio_slot:3f9a37cd-754e-5596-4b5a-e304f0a519d5","radio_slot"
"radio","slot","mpumalanga","","","mpumalanga","Ikwekwezi FM","Ikwekwezi FM - 09:00-10:00","","09:00-10:00","spot","spot","broadcast_investment_vs_value",,,,,"1050","1050",,,,"radio_slot:5c6312e8-7f55-f03e-0058-a1bf5afaf88a","radio_slot"
"radio","slot","mpumalanga","","","mpumalanga","Ikwekwezi FM","Ikwekwezi FM - 09:00-12:00","","09:00-12:00","spot","spot","broadcast_investment_vs_value",,,,,"2130","2130",,,,"radio_slot:58d71c3e-67a4-98ca-ce8a-f921bb21e1f9","radio_slot"
"radio","slot","mpumalanga","","","mpumalanga","Ikwekwezi FM","Ikwekwezi FM - 10:00-12:00","","10:00-12:00","spot","spot","broadcast_investment_vs_value",,,,,"900","900",,,,"radio_slot:28dde455-9e82-701c-af96-82daff05a25d","radio_slot"
"radio","slot","mpumalanga","","","mpumalanga","Ikwekwezi FM","Ikwekwezi FM - 12:00-15:00","","12:00-15:00","spot","spot","broadcast_investment_vs_value",,,,,"1650","1650",,,,"radio_slot:39ecccba-7e04-91d6-b2f6-2eae13aac886","radio_slot"
"radio","slot","mpumalanga","","","mpumalanga","Ikwekwezi FM","Ikwekwezi FM - 12:00-15:00","","12:00-15:00","spot","spot","broadcast_investment_vs_value",,,,,"840","840",,,,"radio_slot:0f65f89f-1250-1f51-0b48-9510657e7df5","radio_slot"
"radio","slot","mpumalanga","","","mpumalanga","Ikwekwezi FM","Ikwekwezi FM - 15:00-18:00","","15:00-18:00","spot","spot","broadcast_investment_vs_value",,,,,"2010","2010",,,,"radio_slot:98638315-3766-40a3-2cab-fa316970e58b","radio_slot"
"radio","slot","mpumalanga","","","mpumalanga","Ikwekwezi FM","Ikwekwezi FM - 15:00-18:00","","15:00-18:00","spot","spot","broadcast_investment_vs_value",,,,,"960","960",,,,"radio_slot:1181e1bd-0702-a9c5-b6cd-173fdfb42d61","radio_slot"
"radio","slot","mpumalanga","","","mpumalanga","Ikwekwezi FM","Ikwekwezi FM - 18:00-19:00","","18:00-19:00","spot","spot","broadcast_investment_vs_value",,,,,"1530","1530",,,,"radio_slot:1f102c76-7bbe-9856-e355-edea4fc8f2d6","radio_slot"
"radio","slot","mpumalanga","","","mpumalanga","Ikwekwezi FM","Ikwekwezi FM - 18:00-21:00","","18:00-21:00","spot","spot","broadcast_investment_vs_value",,,,,"480","480",,,,"radio_slot:8558ebae-78a4-847e-23e1-417b06de2800","radio_slot"
"radio","slot","mpumalanga","","","mpumalanga","Ikwekwezi FM","Ikwekwezi FM - 19:00-21:00","","19:00-21:00","spot","spot","broadcast_investment_vs_value",,,,,"1770","1770",,,,"radio_slot:4c3fd907-461c-14e5-b4a9-e82b193997b5","radio_slot"
"radio","slot","national","","","national","5FM","5FM - 01:00-04:00","","01:00-04:00","spot","spot","broadcast_investment_vs_value",,,,,"360","360",,,,"radio_slot:6ef31a96-abc6-8459-91e5-507efb6431cf","radio_slot"
"radio","slot","national","","","national","5FM","5FM - 01:00-04:00","","01:00-04:00","spot","spot","broadcast_investment_vs_value",,,,,"360","360",,,,"radio_slot:052af459-45eb-c42b-fba8-cb53f85d5638","radio_slot"
"radio","slot","national","","","national","5FM","5FM - 01:00-04:00","","01:00-04:00","spot","spot","broadcast_investment_vs_value",,,,,"360","360",,,,"radio_slot:73bb7cc8-62c7-351a-2eb8-0625187906f1","radio_slot"
"radio","slot","national","","","national","5FM","5FM - 04:00-06:00","","04:00-06:00","spot","spot","broadcast_investment_vs_value",,,,,"480","480",,,,"radio_slot:c96000ba-e9fc-7d14-fece-03ac261b6933","radio_slot"
"radio","slot","national","","","national","5FM","5FM - 04:00-07:00","","04:00-07:00","spot","spot","broadcast_investment_vs_value",,,,,"960","960",,,,"radio_slot:40b46b7b-cdbd-9700-e2af-c503e9409c62","radio_slot"
"radio","slot","national","","","national","5FM","5FM - 04:00-07:00","","04:00-07:00","spot","spot","broadcast_investment_vs_value",,,,,"780","780",,,,"radio_slot:700613c0-a6b9-eb29-ba27-22c138102d25","radio_slot"
"radio","slot","national","","","national","5FM","5FM - 06:00-07:00","","06:00-07:00","spot","spot","broadcast_investment_vs_value",,,,,"9210","9210",,,,"radio_slot:90290113-d3c5-19a7-e736-2ee69a10edee","radio_slot"
"radio","slot","national","","","national","5FM","5FM - 07:00-08:00","","07:00-08:00","spot","spot","broadcast_investment_vs_value",,,,,"10110","10110",,,,"radio_slot:881ebc12-b418-698f-65f4-dbf5ab66ac32","radio_slot"
"radio","slot","national","","","national","5FM","5FM - 07:00-10:00","","07:00-10:00","spot","spot","broadcast_investment_vs_value",,,,,"2490","2490",,,,"radio_slot:6ef4b2a5-c863-f25d-925c-d5aaef9ac468","radio_slot"
"radio","slot","national","","","national","5FM","5FM - 07:00-10:00","","07:00-10:00","spot","spot","broadcast_investment_vs_value",,,,,"1290","1290",,,,"radio_slot:4be3b479-25f7-772f-fadf-17bbc5d4c8b3","radio_slot"
"radio","slot","national","","","national","5FM","5FM - 08:00-09:00","","08:00-09:00","spot","spot","broadcast_investment_vs_value",,,,,"10110","10110",,,,"radio_slot:c37ff0be-e402-0557-2618-cd0c72954925","radio_slot"
"radio","slot","national","","","national","5FM","5FM - 09:00-12:00","","09:00-12:00","spot","spot","broadcast_investment_vs_value",,,,,"8760","8760",,,,"radio_slot:56b22871-f342-833b-7bae-3b14bdaea11c","radio_slot"
"radio","slot","national","","","national","5FM","5FM - 10:00-14:00","","10:00-14:00","spot","spot","broadcast_investment_vs_value",,,,,"4170","4170",,,,"radio_slot:dc9f450b-2ccd-fd25-360a-0b76511c693a","radio_slot"
"radio","slot","national","","","national","5FM","5FM - 10:00-14:00","","10:00-14:00","spot","spot","broadcast_investment_vs_value",,,,,"3210","3210",,,,"radio_slot:6ccc54cd-1e4c-eef5-2cc1-8d216f69a720","radio_slot"
"radio","slot","national","","","national","5FM","5FM - 12:00-15:00","","12:00-15:00","spot","spot","broadcast_investment_vs_value",,,,,"4410","4410",,,,"radio_slot:7883894e-b279-ce9d-d072-d1efed533ac0","radio_slot"
"radio","slot","national","","","national","5FM","5FM - 14:00-18:00","","14:00-18:00","spot","spot","broadcast_investment_vs_value",,,,,"2250","2250",,,,"radio_slot:f943276b-4f5a-342f-908f-2cea44d5b57e","radio_slot"
"radio","slot","national","","","national","5FM","5FM - 14:00-18:00","","14:00-18:00","spot","spot","broadcast_investment_vs_value",,,,,"2970","2970",,,,"radio_slot:53c36d75-aa22-5208-d39c-ce9b51358584","radio_slot"
"radio","slot","national","","","national","5FM","5FM - 15:00-16:00","","15:00-16:00","spot","spot","broadcast_investment_vs_value",,,,,"7860","7860",,,,"radio_slot:87b6507a-bafc-6fb6-589f-51ca063ea4f6","radio_slot"
"radio","slot","national","","","national","5FM","5FM - 16:00-17:00","","16:00-17:00","spot","spot","broadcast_investment_vs_value",,,,,"9660","9660",,,,"radio_slot:2f0ae025-0b13-2a27-979f-1ba6cadade01","radio_slot"
"radio","slot","national","","","national","5FM","5FM - 17:00-18:00","","17:00-18:00","spot","spot","broadcast_investment_vs_value",,,,,"9660","9660",,,,"radio_slot:9d6c9b62-005b-a05b-b6bf-1caefaeb73b9","radio_slot"
"radio","slot","national","","","national","5FM","5FM - 18:00-19:00","","18:00-19:00","spot","spot","broadcast_investment_vs_value",,,,,"1890","1890",,,,"radio_slot:981d6988-d467-d670-336b-64eb709c3b23","radio_slot"
"radio","slot","national","","","national","5FM","5FM - 18:00-19:00","","18:00-19:00","spot","spot","broadcast_investment_vs_value",,,,,"10110","10110",,,,"radio_slot:5cd294e4-b2e0-f3b7-d7f9-ae476676ed23","radio_slot"
"radio","slot","national","","","national","5FM","5FM - 18:00-21:00","","18:00-21:00","spot","spot","broadcast_investment_vs_value",,,,,"1530","1530",,,,"radio_slot:719d7571-d6c9-0d8f-688d-1964ebd2f89d","radio_slot"
"radio","slot","national","","","national","5FM","5FM - 19:00-22:00","","19:00-22:00","spot","spot","broadcast_investment_vs_value",,,,,"3450","3450",,,,"radio_slot:04b8a67a-f0f8-c58c-21c2-463df5cbd271","radio_slot"
"radio","slot","national","","","national","5FM","5FM - 19:00-22:00","","19:00-22:00","spot","spot","broadcast_investment_vs_value",,,,,"2010","2010",,,,"radio_slot:549605a2-fed6-6834-e0e7-53263458671e","radio_slot"
"radio","slot","national","","","national","5FM","5FM - 21:00-01:00","","21:00-01:00","spot","spot","broadcast_investment_vs_value",,,,,"900","900",,,,"radio_slot:a9d59a52-329d-ef2a-5846-c6bb78b3c54b","radio_slot"
"radio","slot","national","","","national","5FM","5FM - 22:00-01:00","","22:00-01:00","spot","spot","broadcast_investment_vs_value",,,,,"420","420",,,,"radio_slot:b203b305-40b2-9be3-fef2-7e1f082e59c4","radio_slot"
"radio","slot","national","","","national","5FM","5FM - 22:00-01:00","","22:00-01:00","spot","spot","broadcast_investment_vs_value",,,,,"360","360",,,,"radio_slot:45a1a995-9f96-c77a-d2d8-4bfc708e499c","radio_slot"
"radio","slot","national","","","national","Metro FM","Metro FM - 00:00-03:00","","00:00-03:00","spot","spot","broadcast_investment_vs_value",,,,,"960","960",,,,"radio_slot:2e469c45-1559-e6f2-191d-c10b2e911c9e","radio_slot"
"radio","slot","national","","","national","Metro FM","Metro FM - 00:00-03:00","","00:00-03:00","spot","spot","broadcast_investment_vs_value",,,,,"900","900",,,,"radio_slot:139ca0ed-86bb-cb0a-304b-d47a783071a0","radio_slot"
"radio","slot","national","","","national","Metro FM","Metro FM - 00:00-03:00","","00:00-03:00","spot","spot","broadcast_investment_vs_value",,,,,"660","660",,,,"radio_slot:32932902-cefd-c127-bf48-7879856d07b2","radio_slot"
"radio","slot","national","","","national","Metro FM","Metro FM - 03:00-05:00","","03:00-05:00","spot","spot","broadcast_investment_vs_value",,,,,"960","960",,,,"radio_slot:bad48d4b-ff7e-c468-ce55-e3f916ad205c","radio_slot"
"radio","slot","national","","","national","Metro FM","Metro FM - 03:00-06:00","","03:00-06:00","spot","spot","broadcast_investment_vs_value",,,,,"1410","1410",,,,"radio_slot:eff714f7-0b2d-6ba0-2416-e92b50956513","radio_slot"
"radio","slot","national","","","national","Metro FM","Metro FM - 03:00-06:00","","03:00-06:00","spot","spot","broadcast_investment_vs_value",,,,,"1290","1290",,,,"radio_slot:e18aef91-66c4-b826-8199-4e7f59502e6c","radio_slot"
"radio","slot","national","","","national","Metro FM","Metro FM - 05:00-06:00","","05:00-06:00","spot","spot","broadcast_investment_vs_value",,,,,"3930","3930",,,,"radio_slot:23505025-3d0f-6a37-5b19-5d4f8049368a","radio_slot"
"radio","slot","national","","","national","Metro FM","Metro FM - 06:00-07:00","","06:00-07:00","spot","spot","broadcast_investment_vs_value",,,,,"32760","32760",,,,"radio_slot:b967a993-d1d5-bc39-961c-7dda9457407d","radio_slot"
"radio","slot","national","","","national","Metro FM","Metro FM - 06:00-09:00","","06:00-09:00","spot","spot","broadcast_investment_vs_value",,,,,"9660","9660",,,,"radio_slot:e47ba983-bccf-6127-b44c-0a262da49ab0","radio_slot"
"radio","slot","national","","","national","Metro FM","Metro FM - 06:00-09:00","","06:00-09:00","spot","spot","broadcast_investment_vs_value",,,,,"5310","5310",,,,"radio_slot:961b5d69-de0f-ea74-38fb-7130d1794c3a","radio_slot"
"radio","slot","national","","","national","Metro FM","Metro FM - 07:00-08:00","","07:00-08:00","spot","spot","broadcast_investment_vs_value",,,,,"32760","32760",,,,"radio_slot:29176d10-eebf-995a-024d-1bead47343ec","radio_slot"
"radio","slot","national","","","national","Metro FM","Metro FM - 08:00-09:00","","08:00-09:00","spot","spot","broadcast_investment_vs_value",,,,,"23640","23640",,,,"radio_slot:d79cf147-74f9-1c01-05f0-a22b28c1d846","radio_slot"
"radio","slot","national","","","national","Metro FM","Metro FM - 09:00-12:00","","09:00-12:00","spot","spot","broadcast_investment_vs_value",,,,,"14520","14520",,,,"radio_slot:b06437e7-e245-9d3e-7f1a-933925d1d7f9","radio_slot"
"radio","slot","national","","","national","Metro FM","Metro FM - 09:00-12:00","","09:00-12:00","spot","spot","broadcast_investment_vs_value",,,,,"8310","8310",,,,"radio_slot:10b20256-f123-2465-f185-02f8ef978666","radio_slot"
"radio","slot","national","","","national","Metro FM","Metro FM - 09:00-12:00","","09:00-12:00","spot","spot","broadcast_investment_vs_value",,,,,"16680","16680",,,,"radio_slot:233c2c47-0df5-ba23-e2d3-40a089a3e008","radio_slot"
"radio","slot","national","","","national","Metro FM","Metro FM - 12:00-15:00","","12:00-15:00","spot","spot","broadcast_investment_vs_value",,,,,"8760","8760",,,,"radio_slot:2ec2fdb5-8d45-bc0d-5aa8-6bf22c61b40e","radio_slot"
"radio","slot","national","","","national","Metro FM","Metro FM - 12:00-15:00","","12:00-15:00","spot","spot","broadcast_investment_vs_value",,,,,"15960","15960",,,,"radio_slot:49652937-a20e-d5ee-6fa5-938f49e0ff2d","radio_slot"
"radio","slot","national","","","national","Metro FM","Metro FM - 12:00-15:00","","12:00-15:00","spot","spot","broadcast_investment_vs_value",,,,,"11460","11460",,,,"radio_slot:0e124bed-6e3a-2324-e2df-18b7f90a952c","radio_slot"
"radio","slot","national","","","national","Metro FM","Metro FM - 15:00-16:00","","15:00-16:00","spot","spot","broadcast_investment_vs_value",,,,,"17400","17400",,,,"radio_slot:235c7791-3a2b-d9f5-b41e-ac7b9e9ee787","radio_slot"
"radio","slot","national","","","national","Metro FM","Metro FM - 15:00-18:00","","15:00-18:00","spot","spot","broadcast_investment_vs_value",,,,,"6810","6810",,,,"radio_slot:40f996e7-8b99-316a-09ba-55a0a06a416d","radio_slot"
"radio","slot","national","","","national","Metro FM","Metro FM - 15:00-18:00","","15:00-18:00","spot","spot","broadcast_investment_vs_value",,,,,"6210","6210",,,,"radio_slot:eaa847e6-2d9e-940d-8bf3-71636cf03421","radio_slot"
"radio","slot","national","","","national","Metro FM","Metro FM - 16:00-17:00","","16:00-17:00","spot","spot","broadcast_investment_vs_value",,,,,"20580","20580",,,,"radio_slot:0a545f82-5794-422e-88d2-e96778bf4a85","radio_slot"
"radio","slot","national","","","national","Metro FM","Metro FM - 17:00-18:00","","17:00-18:00","spot","spot","broadcast_investment_vs_value",,,,,"20580","20580",,,,"radio_slot:b4a78d07-0c76-d9bb-e3a5-22cab01b4338","radio_slot"
"radio","slot","national","","","national","Metro FM","Metro FM - 18:00-19:00","","18:00-19:00","spot","spot","broadcast_investment_vs_value",,,,,"3450","3450",,,,"radio_slot:17a568ac-4544-953f-001d-2402f47b4392","radio_slot"
"radio","slot","national","","","national","Metro FM","Metro FM - 18:00-19:00","","18:00-19:00","spot","spot","broadcast_investment_vs_value",,,,,"6210","6210",,,,"radio_slot:d5035743-398b-febb-a3b5-3792c1d391e4","radio_slot"
"radio","slot","national","","","national","Metro FM","Metro FM - 18:00-19:00","","18:00-19:00","spot","spot","broadcast_investment_vs_value",,,,,"20580","20580",,,,"radio_slot:7eab7251-51ec-0f8e-4176-34dc3d702c8c","radio_slot"
"radio","slot","national","","","national","Metro FM","Metro FM - 19:00-21:00","","19:00-21:00","spot","spot","broadcast_investment_vs_value",,,,,"7860","7860",,,,"radio_slot:294159ae-0967-1206-010a-cb8e62c5f1fd","radio_slot"
"radio","slot","national","","","national","Metro FM","Metro FM - 19:00-22:00","","19:00-22:00","spot","spot","broadcast_investment_vs_value",,,,,"2490","2490",,,,"radio_slot:94c78e25-8449-771d-2a92-f92783784522","radio_slot"
"radio","slot","national","","","national","Metro FM","Metro FM - 19:00-22:00","","19:00-22:00","spot","spot","broadcast_investment_vs_value",,,,,"1890","1890",,,,"radio_slot:31be3d37-8079-23aa-2491-1fc25b2bd4b3","radio_slot"
"tv","slot","national","","","national","SABC 1","SABC 1 - 18:30-19:00","","18:30-19:00","Amalanga Awafani","Amalanga Awafani","broadcast_investment_vs_value",,,,,"110000","110000",,,,"tv_slot:0cac48ca-e477-876c-507b-fc60aea99168","tv_slot"
"tv","slot","national","","","national","SABC 1","SABC 1 - 19:30-20:00","","19:30-20:00","Skeem Saam S13","Skeem Saam S13","broadcast_investment_vs_value",,,,,"130000","130000",,,,"tv_slot:d79fa073-8fd6-e6e0-4195-609a2296ca6a","tv_slot"
"tv","slot","national","","","national","SABC 1","SABC 1 - 20:00-20:30","","20:00-20:30","Generation The Legacy","Generation The Legacy","broadcast_investment_vs_value",,,,,"140000","140000",,,,"tv_slot:9ae80e2e-aaa4-994e-a238-a124eb955436","tv_slot"
"tv","slot","national","","","national","SABC 1","SABC 1 - 20:00-20:30","","20:00-20:30","Good Men","Good Men","broadcast_investment_vs_value",,,,,"36000","36000",,,,"tv_slot:7fc0b3a6-2ae4-9366-0672-9b80eb7da511","tv_slot"
"tv","slot","national","","","national","SABC 1","SABC 1 - 20:30-21:00","","20:30-21:00","Uzalo S11","Uzalo S11","broadcast_investment_vs_value",,,,,"150000","150000",,,,"tv_slot:02851005-3700-38a1-1b84-4cc76fb25872","tv_slot"
"tv","package","national","","","national","SABC 3","SABC 3 - Weekly SABC 3 & SABC News Channel News Package","Weekly SABC 3 & SABC News Channel News Package","","generic","package","broadcast_investment_vs_value","105540","238500","132960","125.98",,"105540","105540",,"238500","tv_package:16ff1050-9127-8ec2-2dd4-fabd995beb09","tv_package"
"tv","package","national","","","national","SABC News Channel","SABC News Channel - 4 Week SABC News Channel Package","4 Week SABC News Channel Package","","generic","package","broadcast_investment_vs_value","550825","1304000","753175","136.74",,"550825","550825",,"1304000","tv_package:f1544c48-4c0c-a607-e12f-9f85201a4f82","tv_package"
"tv","package","national","","","national","SABC News Channel","SABC News Channel - Weekly SABC News Channel Only Audience Reach Maximiser","Weekly SABC News Channel Only Audience Reach Maximiser","","generic","package","broadcast_investment_vs_value","129540","331500","201960","155.91",,"129540","129540",,"331500","tv_package:2be588c9-a0b7-653b-8868-1059ca73e747","tv_package"
"tv","slot","national","","","national","SABC Sport","SABC Sport - 00:00-23:59","","00:00-23:59","Laduma","Laduma","broadcast_investment_vs_value",,,,,"2886","2886",,,,"tv_slot:52f872f2-33b9-bad2-7c80-ae6b539c627f","tv_slot"
"tv","slot","national","","","national","SABC Sport","SABC Sport - 00:00-23:59","","00:00-23:59","Build Up","Build Up","broadcast_investment_vs_value",,,,,"2886","2886",,,,"tv_slot:0ccdda1c-ced6-0fcc-0f5e-3102198e7657","tv_slot"
"tv","slot","national","","","national","SABC Sport","SABC Sport - 00:00-23:59","","00:00-23:59","NBA Lifestyle","NBA Lifestyle","broadcast_investment_vs_value",,,,,"2886","2886",,,,"tv_slot:b2ff0727-aa06-2cfa-1c37-fe47d2c208dd","tv_slot"
"tv","slot","national","","","national","SABC Sport","SABC Sport - 00:00-23:59","","00:00-23:59","Playing For The Coach","Playing For The Coach","broadcast_investment_vs_value",,,,,"2886","2886",,,,"tv_slot:4ab36dab-d615-7d40-074a-7fb254cc30b8","tv_slot"
"tv","slot","national","","","national","SABC Sport","SABC Sport - 00:00-23:59","","00:00-23:59","SAFA TV","SAFA TV","broadcast_investment_vs_value",,,,,"2886","2886",,,,"tv_slot:5ab38dbf-2d55-85ca-c447-d75977936979","tv_slot"
"tv","slot","national","","","national","SABC Sport","SABC Sport - 00:00-23:59","","00:00-23:59","Redbull Signature","Redbull Signature","broadcast_investment_vs_value",,,,,"2886","2886",,,,"tv_slot:6f3d81be-75e5-f3dc-0d05-7097a90694ae","tv_slot"
"tv","slot","national","","","national","SABC Sport","SABC Sport - 00:00-23:59","","00:00-23:59","Magazine","Magazine","broadcast_investment_vs_value",,,,,"2886","2886",,,,"tv_slot:cb63fc73-ea3e-9c07-5a1f-c60cdaae760d","tv_slot"
"tv","slot","national","","","national","SABC Sport","SABC Sport - 00:00-23:59","","00:00-23:59","VS Gaming","VS Gaming","broadcast_investment_vs_value",,,,,"2886","2886",,,,"tv_slot:6916caa7-1d12-88f8-06fb-abadf9f28cb4","tv_slot"
"tv","slot","national","","","national","SABC Sport","SABC Sport - 00:00-23:59","","00:00-23:59","Premier League Stories","Premier League Stories","broadcast_investment_vs_value",,,,,"2886","2886",,,,"tv_slot:9e72c807-e7ff-d3a5-79d0-5e2c6361ea5c","tv_slot"
"tv","slot","national","","","national","SABC Sport","SABC Sport - 00:00-23:59","","00:00-23:59","Bundesliga Match","Bundesliga Match","broadcast_investment_vs_value",,,,,"2886","2886",,,,"tv_slot:289a4436-6ae7-62f5-b833-9f57f4fae607","tv_slot"
"tv","slot","national","","","national","SABC Sport","SABC Sport - 00:00-23:59","","00:00-23:59","Top 14 H/Ls","Top 14 H/Ls","broadcast_investment_vs_value",,,,,"2886","2886",,,,"tv_slot:bda2074a-18cc-c475-3723-8661cb2b24af","tv_slot"
"tv","slot","national","","","national","SABC Sport","SABC Sport - 00:00-23:59","","00:00-23:59","Soccerzone Extra","Soccerzone Extra","broadcast_investment_vs_value",,,,,"2886","2886",,,,"tv_slot:fc2a35a3-61a7-7f84-c564-932e60963e3e","tv_slot"
"tv","slot","national","","","national","SABC Sport","SABC Sport - 00:00-23:59","","00:00-23:59","The Greatest Of All Times","The Greatest Of All Times","broadcast_investment_vs_value",,,,,"2886","2886",,,,"tv_slot:a811d975-6cd0-7647-ae9f-8160a173f8ba","tv_slot"
"tv","slot","national","","","national","SABC Sport","SABC Sport - 00:00-23:59","","00:00-23:59","G.O.A.Ts Like Us","G.O.A.Ts Like Us","broadcast_investment_vs_value",,,,,"2886","2886",,,,"tv_slot:b7ca22c4-d61c-9a42-2eda-7d3b75a19fda","tv_slot"
"tv","slot","national","","","national","SABC Sport","SABC Sport - 00:00-23:59","","00:00-23:59","Liverpool TV","Liverpool TV","broadcast_investment_vs_value",,,,,"2886","2886",,,,"tv_slot:28959cc1-b462-113d-a651-11b32c406919","tv_slot"
"tv","slot","national","","","national","SABC Sport","SABC Sport - 00:00-23:59","","00:00-23:59","Top 14 Rugby","Top 14 Rugby","broadcast_investment_vs_value",,,,,"2886","2886",,,,"tv_slot:7a0e2580-9934-940b-5df5-446a84cb5a7f","tv_slot"
"tv","slot","national","","","national","SABC Sport","SABC Sport - 00:00-23:59","","00:00-23:59","Bundesliga Preview","Bundesliga Preview","broadcast_investment_vs_value",,,,,"2886","2886",,,,"tv_slot:7a6c43b7-8e05-ab33-cc4d-493fff66ca89","tv_slot"
"tv","slot","national","","","national","SABC Sport","SABC Sport - 00:00-23:59","","00:00-23:59","EFC Live Fight","EFC Live Fight","broadcast_investment_vs_value",,,,,"2886","2886",,,,"tv_slot:e5a2951f-b595-7bc2-6176-a47181e420d8","tv_slot"
"tv","slot","national","","","national","SABC Sport","SABC Sport - 00:00-23:59","","00:00-23:59","Soccerzone","Soccerzone","broadcast_investment_vs_value",,,,,"2886","2886",,,,"tv_slot:3882bc92-7ff2-6877-a988-eeea9f9c465d","tv_slot"
"tv","slot","national","","","national","SABC Sport","SABC Sport - 00:00-23:59","","00:00-23:59","Redbull Ultimate Rush","Redbull Ultimate Rush","broadcast_investment_vs_value",,,,,"2886","2886",,,,"tv_slot:bbcb3c78-2607-1762-6fb5-7d8489a7cde6","tv_slot"
"tv","slot","national","","","national","SABC Sport","SABC Sport - 00:00-23:59","","00:00-23:59","Boxing World Weekly","Boxing World Weekly","broadcast_investment_vs_value",,,,,"2886","2886",,,,"tv_slot:e9ac022c-1eeb-1ca6-b573-227a0ebe1684","tv_slot"
"tv","slot","national","","","national","SABC Sport","SABC Sport - 00:00-23:59","","00:00-23:59","Final Analysis","Final Analysis","broadcast_investment_vs_value",,,,,"2886","2886",,,,"tv_slot:b7b642f9-fca3-314b-ef39-0bf2326e380b","tv_slot"
"tv","slot","national","","","national","SABC Sport","SABC Sport - 00:00-23:59","","00:00-23:59","Racing Today","Racing Today","broadcast_investment_vs_value",,,,,"2886","2886",,,,"tv_slot:5985e3b6-e0b6-ba95-b252-5df0939cf475","tv_slot"
"tv","slot","national","","","national","SABC Sport","SABC Sport - 00:00-23:59","","00:00-23:59","Fut Afrique","Fut Afrique","broadcast_investment_vs_value",,,,,"2886","2886",,,,"tv_slot:2c018ab7-deb2-c868-39a6-6eab98a11a5e","tv_slot"
"tv","slot","national","","","national","SABC Sport","SABC Sport - 00:00-23:59","","00:00-23:59","Sportsbuzz","Sportsbuzz","broadcast_investment_vs_value",,,,,"2886","2886",,,,"tv_slot:0df3b7d6-6411-8157-d009-c42b26bf4779","tv_slot"
"tv","slot","national","","","national","SABC Sport","SABC Sport - 00:00-23:59","","00:00-23:59","Hollywoodbets Super League","Hollywoodbets Super League","broadcast_investment_vs_value",,,,,"2886","2886",,,,"tv_slot:3534141d-cb76-90cc-958d-02023dbdd0bd","tv_slot"
"tv","slot","national","","","national","SABC Sport","SABC Sport - 00:00-23:59","","00:00-23:59","Sport Playback","Sport Playback","broadcast_investment_vs_value",,,,,"2886","2886",,,,"tv_slot:8397fecc-dc09-a4cb-e2e6-f0a7dc98dcba","tv_slot"
"tv","slot","national","","","national","SABC Sport","SABC Sport - 00:00-23:59","","00:00-23:59","CAF CCC / CCL","CAF CCC / CCL","broadcast_investment_vs_value",,,,,"2886","2886",,,,"tv_slot:52991b36-ca67-e401-24c2-841d2e40adb1","tv_slot"
"tv","slot","national","","","national","SABC Sport","SABC Sport - 00:00-23:59","","00:00-23:59","Sports Wrap","Sports Wrap","broadcast_investment_vs_value",,,,,"2886","2886",,,,"tv_slot:9d0fa3b1-e134-67e4-c54c-92da00643637","tv_slot"
"tv","slot","national","","","national","SABC Sport","SABC Sport - 00:00-23:59","","00:00-23:59","Retro Match","Retro Match","broadcast_investment_vs_value",,,,,"2886","2886",,,,"tv_slot:969be86e-17ac-c877-17f3-ae3dcfaafb64","tv_slot"
"tv","slot","national","","","national","SABC Sport","SABC Sport - 00:00-23:59","","00:00-23:59","Sports Preview 411","Sports Preview 411","broadcast_investment_vs_value",,,,,"2886","2886",,,,"tv_slot:42b3a3db-0a05-a309-c3c3-bc6384c9243b","tv_slot"
"tv","slot","national","","","national","SABC Sport","SABC Sport - 00:00-23:59","","00:00-23:59","Redbull Soapbox","Redbull Soapbox","broadcast_investment_vs_value",,,,,"2886","2886",,,,"tv_slot:2c5dac4f-bc02-e051-2d7f-7f2460af2af8","tv_slot"
"tv","slot","national","","","national","SABC Sport","SABC Sport - 00:00-23:59","","00:00-23:59","Redbull Doccies","Redbull Doccies","broadcast_investment_vs_value",,,,,"2886","2886",,,,"tv_slot:82b3d406-21e5-6358-169c-15ddacdb1c37","tv_slot"
"tv","slot","national","","","national","SABC Sport","SABC Sport - 00:00-23:59","","00:00-23:59","NBA Match","NBA Match","broadcast_investment_vs_value",,,,,"2886","2886",,,,"tv_slot:f9df2490-e32e-95e1-a375-e958a8f546de","tv_slot"
"tv","slot","national","","","national","SABC Sport","SABC Sport - 00:00-23:59","","00:00-23:59","Soccer Premier League (2000/1)","Soccer Premier League (2000/1)","broadcast_investment_vs_value",,,,,"2886","2886",,,,"tv_slot:5c387676-5e28-a660-ea64-b0afb0ef9d7c","tv_slot"
"tv","slot","national","","","national","SABC Sport","SABC Sport - 00:00-23:59","","00:00-23:59","Redbull Clip Show","Redbull Clip Show","broadcast_investment_vs_value",,,,,"2886","2886",,,,"tv_slot:0d47e366-6f6a-de99-df9b-88f736b91217","tv_slot"
"tv","slot","national","","","national","SABC Sport","SABC Sport - 00:00-23:59","","00:00-23:59","NBA Action","NBA Action","broadcast_investment_vs_value",,,,,"2886","2886",,,,"tv_slot:bc720dc5-f1fc-dddf-13b7-1d19c8426d0d","tv_slot"
"tv","slot","national","","","national","SABC Sport","SABC Sport - 00:00-23:59","","00:00-23:59","Bundesliga Review","Bundesliga Review","broadcast_investment_vs_value",,,,,"2886","2886",,,,"tv_slot:4237dd98-39d0-6596-6e90-b5d29f941959","tv_slot"
"tv","slot","national","","","national","SABC Sport","SABC Sport - 00:00-23:59","","00:00-23:59","TKO Boxing","TKO Boxing","broadcast_investment_vs_value",,,,,"2886","2886",,,,"tv_slot:af7fbe1e-ee19-0fb9-faaf-03ddaca88a65","tv_slot"
"tv","slot","national","","","national","SABC Sport","SABC Sport - 00:00-23:59","","00:00-23:59","Game On","Game On","broadcast_investment_vs_value",,,,,"2886","2886",,,,"tv_slot:8e471273-83f2-79bd-079b-dca34d007d73","tv_slot"
"tv","slot","national","","","national","SABC Sport","SABC Sport - 00:00-23:59","","00:00-23:59","TotalEnergies AFCON Qualifiers","TotalEnergies AFCON Qualifiers","broadcast_investment_vs_value",,,,,"2886","2886",,,,"tv_slot:0f1e41e7-153e-cd97-f2ed-7876f75b4337","tv_slot"
"tv","package","national","","","national","SABC Sport","SABC Sport - 4 Week SABC Sport Channel Package","4 Week SABC Sport Channel Package","","generic","package","broadcast_investment_vs_value","822500","2025000","1202500","146.2",,"822500","822500",,"2025000","tv_package:7f02d34d-99dc-748d-0882-b00580f100fa","tv_package"
"ooh","site","Somerset Mall,","Cape Town","Somerset West","Somerset West","BlackSpace","N2 | Somerset Mall,, Cape Town","","","Cape Town","Cape Town","ooh_cost_vs_raw_rate","50000","60000","10000","20","60000","50000",,,,"ooh_site:853b66f4-6a3c-4394-9ff9-ea3c6e9c551a","ooh"
"ooh","site","Soshanguve","Pretoria","Soshanguve","Soshanguve","BlackSpace","M43 | Soshanguve, Crossing Mall, Pretoria","","","Crossing Mall, Pretoria","Crossing Mall, Pretoria","ooh_cost_vs_raw_rate","25000","30000","5000","20","30000","25000",,,,"ooh_site:46d95f08-87d0-4b95-8b4c-5824b77be98d","ooh"
"ooh","site","The Glen,","Johannesburg","The Glen Mall, Oakdene","The Glen Mall, Oakdene","BlackSpace","N12 | The Glen,, Johannesburg","","","Johannesburg","Johannesburg","ooh_cost_vs_raw_rate","80000","100000","20000","25","100000","80000",,,,"ooh_site:d45a4546-5776-4d3d-9978-d604b3ce5bc4","ooh"
"ooh","site","Western Cape","Cape Town","Brackenfell","Brackenfell","BlackSpace","Cape Gate Mall,, Cape Town","","","Static Hanging Banner | Indoor","Static Hanging Banner | Indoor","ooh_cost_vs_raw_rate","25000","35000","10000","40","35000","25000",,,,"ooh_site:56f6b011-169c-4b69-9e86-30713dbe9795","ooh"
"ooh","site","Western Cape","Cape Town","Brackenfell","Brackenfell","BlackSpace","Cape Gate Mall,, Cape Town","","","Digital Screen | Indoor","Digital Screen | Indoor","ooh_cost_vs_raw_rate","15000","20000","5000","33.33","20000","15000",,,,"ooh_site:128deeaf-4ef3-4fd1-9b5e-24c6bda137f9","ooh"
"ooh","site","Western Cape","Cape Town","Century City","Century City","BlackSpace","Canal Walk Mall,, Cape Town","","","Digital Screen | Indoor","Digital Screen | Indoor","ooh_cost_vs_raw_rate","20000","30000","10000","50","30000","20000",,,,"ooh_site:758d9d34-0f92-401b-8350-fdefd76685f5","ooh"
"ooh","site","Western Cape","Cape Town","Century City","Century City","BlackSpace","Canal Walk Mall,, Cape Town","","","Static Wall Billboard | Outdoor","Static Wall Billboard | Outdoor","ooh_cost_vs_raw_rate","40000","50000","10000","25","50000","40000",,,,"ooh_site:fa95cf87-6d57-4756-91ac-05eb276cf404","ooh"
"ooh","site","Western Cape","Cape Town","Century City","Century City","BlackSpace","Canal Walk Mall,, Cape Town","","","Digital Screen | Indoor","Digital Screen | Indoor","ooh_cost_vs_raw_rate","80000","90000","10000","12.5","90000","80000",,,,"ooh_site:cca155b1-14ba-4edd-9423-b71804cde4d2","ooh"
"ooh","site","Western Cape","Cape Town","Century City","Century City","BlackSpace","Canal Walk Mall,, Cape Town","","","Digital Screen | Indoor","Digital Screen | Indoor","ooh_cost_vs_raw_rate","20000","30000","10000","50","30000","20000",,,,"ooh_site:e9b45bb4-4ef5-4c28-bb70-26ae1ee57c26","ooh"
"ooh","site","Western Cape","Cape Town","Century City","Century City","BlackSpace","Canal Walk Mall,, Cape Town","","","Digital Screen | Indoor","Digital Screen | Indoor","ooh_cost_vs_raw_rate","50000","60000","10000","20","60000","50000",,,,"ooh_site:4d9c89a6-a5f2-4f92-b3ca-a8b3e970efba","ooh"
"ooh","site","Western Cape","Cape Town","Century City","Century City","BlackSpace","Canal Walk Mall,, Cape Town","","","Static Wall Billboard | Outdoor","Static Wall Billboard | Outdoor","ooh_cost_vs_raw_rate","40000","50000","10000","25","50000","40000",,,,"ooh_site:b4935c12-aff7-4e61-8cc8-cc8842516e39","ooh"
"ooh","site","Western Cape","Cape Town","Delft","Delft","BlackSpace","Delft Taxi Rank,, Cape Town","","","Static Tower | Outdoor","Static Tower | Outdoor","ooh_cost_vs_raw_rate","35000","40000","5000","14.29","40000","35000",,,,"ooh_site:068b7bbc-c485-4d9e-89d8-3ab1751e9569","ooh"
"ooh","site","Western Cape","Cape Town","Gugulethu","Gugulethu","BlackSpace","Gugulethu Crossing,, Cape Town","","","Static Wrap | Outdoor","Static Wrap | Outdoor","ooh_cost_vs_raw_rate","55000","70000","15000","27.27","70000","55000",,,,"ooh_site:f6fba2e4-5055-4fe9-bacd-13b8f155fee1","ooh"
"ooh","site","Western Cape","Cape Town","Khaylitsha","Khaylitsha","BlackSpace","Nonkqubela Taxi, Rank, Cape Town","","","Static Billboard | Outdoor","Static Billboard | Outdoor","ooh_cost_vs_raw_rate","50000","65000","15000","30","65000","50000",,,,"ooh_site:522332de-4f7e-4d14-a789-21cf3817bbe8","ooh"
"ooh","site","Western Cape","Cape Town","Langa","Langa","BlackSpace","Langa Taxi Rank,, Cape Town","","","Static Billboard | Outdoor","Static Billboard | Outdoor","ooh_cost_vs_raw_rate","28000","35000","7000","25","35000","28000",,,,"ooh_site:d52c7562-1738-4028-a4ad-dec4bdb7010e","ooh"
"ooh","site","Western Cape","Cape Town","Langa","Langa","BlackSpace","Langa Traffic Circle,, Cape Town","","","Static Billboard | Outdoor","Static Billboard | Outdoor","ooh_cost_vs_raw_rate","35000","45000","10000","28.57","45000","35000",,,,"ooh_site:b3095573-3576-4514-a96c-c623294c08fb","ooh"
"ooh","site","Western Cape","Cape Town","Somerset West","Somerset West","BlackSpace","Somerset Mall,, Cape Town","","","Digital Screen | Outdoor","Digital Screen | Outdoor","ooh_cost_vs_raw_rate","50000","60000","10000","20","60000","50000",,,,"ooh_site:31269a59-d3a3-4927-8d19-d7830aa189ec","ooh"
"ooh","site","Western Cape","Cape Town","Wynberg","Wynberg","BlackSpace","Wynberg Taxi Rank,, Cape Town","","","Static Billboard | Outdoor","Static Billboard | Outdoor","ooh_cost_vs_raw_rate","35000","45000","10000","28.57","45000","35000",,,,"ooh_site:b88ab6fc-f5ab-456f-acfc-9b40ee5367b4","ooh"
"radio","slot","western_cape","Plettenberg Bay","","Plettenberg Bay","Good Hope FM","Good Hope FM - 00:00-01:00","","00:00-01:00","spot","spot","broadcast_investment_vs_value",,,,,"210","210",,,,"radio_slot:bf924000-c193-eaa4-4f98-7f1999a9b17b","radio_slot"
"radio","slot","western_cape","Plettenberg Bay","","Plettenberg Bay","Good Hope FM","Good Hope FM - 00:00-01:00","","00:00-01:00","spot","spot","broadcast_investment_vs_value",,,,,"240","240",,,,"radio_slot:4b38211f-ccc6-423e-bc19-ff7a7d47dd25","radio_slot"
"radio","slot","western_cape","Plettenberg Bay","","Plettenberg Bay","Good Hope FM","Good Hope FM - 00:00-01:00","","00:00-01:00","spot","spot","broadcast_investment_vs_value",,,,,"210","210",,,,"radio_slot:8663ade1-40db-4370-e217-4a2a882ae734","radio_slot"
"radio","slot","western_cape","Plettenberg Bay","","Plettenberg Bay","Good Hope FM","Good Hope FM - 00:00-06:00","","00:00-06:00","spot","spot","broadcast_investment_vs_value",,,,,"240","240",,,,"radio_slot:5c5d759e-e509-ee90-161c-a0df2ceb2974","radio_slot"
"radio","slot","western_cape","Plettenberg Bay","","Plettenberg Bay","Good Hope FM","Good Hope FM - 01:00-05:00","","01:00-05:00","spot","spot","broadcast_investment_vs_value",,,,,"240","240",,,,"radio_slot:ec72fe80-89a4-b505-b9bd-411c099c3ca6","radio_slot"
"radio","slot","western_cape","Plettenberg Bay","","Plettenberg Bay","Good Hope FM","Good Hope FM - 01:00-06:00","","01:00-06:00","spot","spot","broadcast_investment_vs_value",,,,,"210","210",,,,"radio_slot:f2990c8d-54b7-149d-2e3d-e59ee79747f4","radio_slot"
"radio","slot","western_cape","Plettenberg Bay","","Plettenberg Bay","Good Hope FM","Good Hope FM - 01:00-06:00","","01:00-06:00","spot","spot","broadcast_investment_vs_value",,,,,"210","210",,,,"radio_slot:ece1218f-a4b5-2836-36e3-587b69998830","radio_slot"
"radio","slot","western_cape","Plettenberg Bay","","Plettenberg Bay","Good Hope FM","Good Hope FM - 05:00-06:00","","05:00-06:00","spot","spot","broadcast_investment_vs_value",,,,,"240","240",,,,"radio_slot:4b7da79a-8e84-9419-5f81-61a9ea297a85","radio_slot"
"radio","slot","western_cape","Plettenberg Bay","","Plettenberg Bay","Good Hope FM","Good Hope FM - 06:00-09:00","","06:00-09:00","spot","spot","broadcast_investment_vs_value",,,,,"1050","1050",,,,"radio_slot:03dc1bad-7f2e-9e32-524c-c33d2a16c964","radio_slot"
"radio","slot","western_cape","Plettenberg Bay","","Plettenberg Bay","Good Hope FM","Good Hope FM - 06:00-09:00","","06:00-09:00","spot","spot","broadcast_investment_vs_value",,,,,"600","600",,,,"radio_slot:4e4612e5-75d2-34b9-fb6d-2c5138434901","radio_slot"
"radio","slot","western_cape","Plettenberg Bay","","Plettenberg Bay","Good Hope FM","Good Hope FM - 06:00-09:00","","06:00-09:00","spot","spot","broadcast_investment_vs_value",,,,,"3450","3450",,,,"radio_slot:b62fea7d-3917-b608-1b23-567d26c31f00","radio_slot"
"radio","slot","western_cape","Plettenberg Bay","","Plettenberg Bay","Good Hope FM","Good Hope FM - 06:00-09:00","","06:00-09:00","spot","spot","broadcast_investment_vs_value",,,,,"3450","3450",,,,"radio_slot:ed69e9ad-272f-03ca-936f-92b89129a0fb","radio_slot"
"radio","slot","western_cape","Plettenberg Bay","","Plettenberg Bay","Good Hope FM","Good Hope FM - 09:00-12:00","","09:00-12:00","spot","spot","broadcast_investment_vs_value",,,,,"1170","1170",,,,"radio_slot:38a99bc9-9a9f-75b3-e2f3-f85458a5ba35","radio_slot"
"radio","slot","western_cape","Plettenberg Bay","","Plettenberg Bay","Good Hope FM","Good Hope FM - 09:00-12:00","","09:00-12:00","spot","spot","broadcast_investment_vs_value",,,,,"2130","2130",,,,"radio_slot:374920db-a4ef-9f78-ab3e-adc7558e6525","radio_slot"
"radio","slot","western_cape","Plettenberg Bay","","Plettenberg Bay","Good Hope FM","Good Hope FM - 09:00-12:00","","09:00-12:00","spot","spot","broadcast_investment_vs_value",,,,,"4170","4170",,,,"radio_slot:a5ad55a6-0e2c-5564-4870-9a068092f336","radio_slot"
"radio","slot","western_cape","Plettenberg Bay","","Plettenberg Bay","Good Hope FM","Good Hope FM - 09:00-12:00","","09:00-12:00","spot","spot","broadcast_investment_vs_value",,,,,"4170","4170",,,,"radio_slot:b31d0a8d-5e1a-0c6e-d599-8bc2672d9833","radio_slot"
"radio","slot","western_cape","Plettenberg Bay","","Plettenberg Bay","Good Hope FM","Good Hope FM - 12:00-15:00","","12:00-15:00","spot","spot","broadcast_investment_vs_value",,,,,"960","960",,,,"radio_slot:63542f7f-17ad-f2b6-c597-a706cfddda13","radio_slot"
"radio","slot","western_cape","Plettenberg Bay","","Plettenberg Bay","Good Hope FM","Good Hope FM - 12:00-15:00","","12:00-15:00","spot","spot","broadcast_investment_vs_value",,,,,"780","780",,,,"radio_slot:b6d8314e-3906-4866-3e25-4d908da89d76","radio_slot"
"radio","slot","western_cape","Plettenberg Bay","","Plettenberg Bay","Good Hope FM","Good Hope FM - 12:00-15:00","","12:00-15:00","spot","spot","broadcast_investment_vs_value",,,,,"2490","2490",,,,"radio_slot:bdc2ef07-5d94-4649-b97a-1ea1aa03cdd7","radio_slot"
"radio","slot","western_cape","Plettenberg Bay","","Plettenberg Bay","Good Hope FM","Good Hope FM - 12:00-15:00","","12:00-15:00","spot","spot","broadcast_investment_vs_value",,,,,"2730","2730",,,,"radio_slot:3cfb8a62-825b-228d-6546-536701c92237","radio_slot"
"radio","slot","western_cape","Plettenberg Bay","","Plettenberg Bay","Good Hope FM","Good Hope FM - 15:00-18:00","","15:00-18:00","spot","spot","broadcast_investment_vs_value",,,,,"3210","3210",,,,"radio_slot:c1e864bf-1ef2-4b2b-fd52-7d2d1ba26564","radio_slot"
"radio","slot","western_cape","Plettenberg Bay","","Plettenberg Bay","Good Hope FM","Good Hope FM - 15:00-18:00","","15:00-18:00","spot","spot","broadcast_investment_vs_value",,,,,"540","540",,,,"radio_slot:c6a6a647-e33d-fe07-5d57-976428f55064","radio_slot"
"radio","slot","western_cape","Plettenberg Bay","","Plettenberg Bay","Good Hope FM","Good Hope FM - 15:00-18:00","","15:00-18:00","spot","spot","broadcast_investment_vs_value",,,,,"330","330",,,,"radio_slot:66cab6ce-607d-e50c-2145-b9e4ead4912a","radio_slot"
"radio","slot","western_cape","Plettenberg Bay","","Plettenberg Bay","Good Hope FM","Good Hope FM - 15:00-18:00","","15:00-18:00","spot","spot","broadcast_investment_vs_value",,,,,"3210","3210",,,,"radio_slot:9863e213-c27f-968b-bff6-d461e2820e24","radio_slot"
"radio","slot","western_cape","Plettenberg Bay","","Plettenberg Bay","Good Hope FM","Good Hope FM - 18:00-22:00","","18:00-22:00","spot","spot","broadcast_investment_vs_value",,,,,"300","300",,,,"radio_slot:486b54fa-b767-75e3-5787-9953b32b04f8","radio_slot"
"radio","slot","western_cape","Plettenberg Bay","","Plettenberg Bay","Good Hope FM","Good Hope FM - 18:00-22:00","","18:00-22:00","spot","spot","broadcast_investment_vs_value",,,,,"2010","2010",,,,"radio_slot:160671ac-6893-f27f-55cd-34e3fd6c36cc","radio_slot"
"radio","slot","western_cape","Plettenberg Bay","","Plettenberg Bay","Good Hope FM","Good Hope FM - 18:00-22:00","","18:00-22:00","spot","spot","broadcast_investment_vs_value",,,,,"540","540",,,,"radio_slot:a6e761c3-1615-99bd-581c-5209cecd2d9f","radio_slot"
"radio","slot","western_cape","Plettenberg Bay","","Plettenberg Bay","Good Hope FM","Good Hope FM - 18:00-22:00","","18:00-22:00","spot","spot","broadcast_investment_vs_value",,,,,"2010","2010",,,,"radio_slot:6d2b493b-bab3-8808-17f2-8680fc6f33d2","radio_slot"
"radio","slot","western_cape","Winelands","","Winelands","Smile 90.4FM","Smile 90.4FM - 00:00-04:00","","00:00-04:00","spot","spot","broadcast_investment_vs_value",,,,,"185","185",,,,"radio_slot:18ec6345-5ef6-d2fc-5433-7694416b44f3","radio_slot"
"radio","slot","western_cape","Winelands","","Winelands","Smile 90.4FM","Smile 90.4FM - 00:00-06:00","","00:00-06:00","spot","spot","broadcast_investment_vs_value",,,,,"185","185",,,,"radio_slot:591f3b77-c631-fba3-1a15-b84a49a1d36e","radio_slot"
"radio","slot","western_cape","Winelands","","Winelands","Smile 90.4FM","Smile 90.4FM - 00:00-06:00","","00:00-06:00","spot","spot","broadcast_investment_vs_value",,,,,"185","185",,,,"radio_slot:d8a43e7f-95fb-84d2-99cc-352b893ab3dd","radio_slot"
"radio","slot","western_cape","Winelands","","Winelands","Smile 90.4FM","Smile 90.4FM - 04:00-06:00","","04:00-06:00","spot","spot","broadcast_investment_vs_value",,,,,"280","280",,,,"radio_slot:b59fe4d8-b81f-3ed1-6d6a-58ed78090103","radio_slot"
"radio","slot","western_cape","Winelands","","Winelands","Smile 90.4FM","Smile 90.4FM - 06:00-09:00","","06:00-09:00","spot","spot","broadcast_investment_vs_value",,,,,"4450","4450",,,,"radio_slot:fe3e031b-c944-4503-fc25-032b1d79a75a","radio_slot"
"radio","slot","western_cape","Winelands","","Winelands","Smile 90.4FM","Smile 90.4FM - 09:00-13:00","","09:00-13:00","spot","spot","broadcast_investment_vs_value",,,,,"2950","2950",,,,"radio_slot:685e4521-91fd-37dd-3e83-a952a75d054f","radio_slot"
"radio","slot","western_cape","Winelands","","Winelands","Smile 90.4FM","Smile 90.4FM - 13:00-16:00","","13:00-16:00","spot","spot","broadcast_investment_vs_value",,,,,"2950","2950",,,,"radio_slot:3ee4148a-b53b-ec01-a6cd-aa1cecf83dc9","radio_slot"
"radio","slot","western_cape","Winelands","","Winelands","Smile 90.4FM","Smile 90.4FM - 16:00-19:00","","16:00-19:00","spot","spot","broadcast_investment_vs_value",,,,,"3450","3450",,,,"radio_slot:e1f41e11-b126-71f8-dbb0-417a24555807","radio_slot"
"radio","slot","western_cape","Winelands","","Winelands","Smile 90.4FM","Smile 90.4FM - 19:00-21:00","","19:00-21:00","spot","spot","broadcast_investment_vs_value",,,,,"1450","1450",,,,"radio_slot:c6cef577-170b-8ade-69f2-64d00fe32b86","radio_slot"
"radio","slot","western_cape","Winelands","","Winelands","Smile 90.4FM","Smile 90.4FM - 21:00-00:00","","21:00-00:00","spot","spot","broadcast_investment_vs_value",,,,,"950","950",,,,"radio_slot:895ccda9-4cd7-b3a4-3307-c66730fd389b","radio_slot"
"radio","package","western_cape","Winelands","","Winelands","Smile 90.4FM","Smile 90.4FM - Impact Plus Package - Feature Sponsorship","Impact Plus Package - Feature Sponsorship","","generic","package","broadcast_investment_vs_value","44438","59250","14812","33.33",,"44438","44438",,"59250","radio_package:afa00ffe-751d-8016-bb75-2541c12a07fe","radio_package"
"radio","package","western_cape","Winelands","","Winelands","Smile 90.4FM","Smile 90.4FM - Impact Plus Package - Generics","Impact Plus Package - Generics","","generic","package","broadcast_investment_vs_value","45720","60960","15240","33.33",,"45720","45720",,"60960","radio_package:a814a078-8d1f-6c86-4716-65f8aad889df","radio_package"
"radio","package","western_cape","Winelands","","Winelands","Smile 90.4FM","Smile 90.4FM - Impact Plus Package - Social Media","Impact Plus Package - Social Media","","generic","package","broadcast_investment_vs_value","25200","28000","2800","11.11",,"25200","25200",,"28000","radio_package:0582a917-f896-3324-14ce-0c8007031aad","radio_package"
"radio","package","western_cape","Winelands","","Winelands","Smile 90.4FM","Smile 90.4FM - Impact Plus Package - Social Media Boosting","Impact Plus Package - Social Media Boosting","","generic","package","broadcast_investment_vs_value","2000","2000","0","0",,"2000","2000",,"2000","radio_package:a52c2b6d-3f5c-0fbd-3688-639e324bd75d","radio_package"
"radio","slot","western_cape","Worcester","","Worcester","Algoa FM","Algoa FM - 00:00-05:00","","00:00-05:00","spot","spot","broadcast_investment_vs_value",,,,,"600","600",,,,"radio_slot:5fbdeb6d-21c7-1e4c-fb68-90c5713113a1","radio_slot"
"radio","slot","western_cape","Worcester","","Worcester","Algoa FM","Algoa FM - 00:00-06:00","","00:00-06:00","spot","spot","broadcast_investment_vs_value",,,,,"600","600",,,,"radio_slot:b9c8a6ab-b3ae-882a-060b-082aa90d18a7","radio_slot"
"radio","slot","western_cape","Worcester","","Worcester","Algoa FM","Algoa FM - 00:00-06:00","","00:00-06:00","spot","spot","broadcast_investment_vs_value",,,,,"600","600",,,,"radio_slot:f51943b8-2232-473b-a3e3-1742d9d7a95f","radio_slot"
"radio","slot","western_cape","Worcester","","Worcester","Algoa FM","Algoa FM - 05:00-06:00","","05:00-06:00","spot","spot","broadcast_investment_vs_value",,,,,"1320","1320",,,,"radio_slot:37768fd8-c400-6b53-e284-08d41f47d793","radio_slot"
"radio","slot","western_cape","Worcester","","Worcester","Algoa FM","Algoa FM - 06:00-09:00","","06:00-09:00","spot","spot","broadcast_investment_vs_value",,,,,"2240","2240",,,,"radio_slot:26dc7c3a-517f-bb17-2215-10859138c1a6","radio_slot"
"radio","slot","western_cape","Worcester","","Worcester","Algoa FM","Algoa FM - 06:00-09:00","","06:00-09:00","spot","spot","broadcast_investment_vs_value",,,,,"7050","7050",,,,"radio_slot:c9a7ce9d-9a6c-1320-1e02-26e38b232b8a","radio_slot"
"radio","slot","western_cape","Worcester","","Worcester","Algoa FM","Algoa FM - 06:00-09:00","","06:00-09:00","spot","spot","broadcast_investment_vs_value",,,,,"1740","1740",,,,"radio_slot:825a8932-cf8a-ee6d-968b-c15e96d79b43","radio_slot"
"radio","slot","western_cape","Worcester","","Worcester","Algoa FM","Algoa FM - 09:00-12:00","","09:00-12:00","spot","spot","broadcast_investment_vs_value",,,,,"3260","3260",,,,"radio_slot:85fc3523-2c73-175e-728b-42f14a83d953","radio_slot"
"radio","slot","western_cape","Worcester","","Worcester","Algoa FM","Algoa FM - 09:00-12:00","","09:00-12:00","spot","spot","broadcast_investment_vs_value",,,,,"2950","2950",,,,"radio_slot:e655395b-5eb1-a654-d113-4c24f312811c","radio_slot"
"radio","slot","western_cape","Worcester","","Worcester","Algoa FM","Algoa FM - 09:00-12:00","","09:00-12:00","spot","spot","broadcast_investment_vs_value",,,,,"3520","3520",,,,"radio_slot:3493c576-9b72-3057-552f-fc1c3a416a1a","radio_slot"
"radio","slot","western_cape","Worcester","","Worcester","Algoa FM","Algoa FM - 12:00-15:00","","12:00-15:00","spot","spot","broadcast_investment_vs_value",,,,,"1160","1160",,,,"radio_slot:12aba9da-0a95-f567-05be-bfb79e8b984d","radio_slot"
"radio","slot","western_cape","Worcester","","Worcester","Algoa FM","Algoa FM - 12:00-15:00","","12:00-15:00","spot","spot","broadcast_investment_vs_value",,,,,"3420","3420",,,,"radio_slot:a3c76a13-2757-efd8-bd40-5f25c5b8168b","radio_slot"
"radio","slot","western_cape","Worcester","","Worcester","Algoa FM","Algoa FM - 12:00-15:00","","12:00-15:00","spot","spot","broadcast_investment_vs_value",,,,,"1110","1110",,,,"radio_slot:42ff2fe6-9d10-fc8e-5fd3-079c66723a56","radio_slot"
"radio","slot","western_cape","Worcester","","Worcester","Algoa FM","Algoa FM - 15:00-18:00","","15:00-18:00","spot","spot","broadcast_investment_vs_value",,,,,"1050","1050",,,,"radio_slot:1889fc10-451d-177f-94e9-a0743352627d","radio_slot"
"radio","slot","western_cape","Worcester","","Worcester","Algoa FM","Algoa FM - 15:00-18:00","","15:00-18:00","spot","spot","broadcast_investment_vs_value",,,,,"980","980",,,,"radio_slot:f0e1f4a1-a3b8-e768-abcb-ddc435e74eee","radio_slot"
"radio","slot","western_cape","Worcester","","Worcester","Algoa FM","Algoa FM - 15:00-19:00","","15:00-19:00","spot","spot","broadcast_investment_vs_value",,,,,"3560","3560",,,,"radio_slot:afbb8e0a-6ca1-43f9-7d0f-b82ff5e01c1a","radio_slot"
"radio","slot","western_cape","Worcester","","Worcester","Algoa FM","Algoa FM - 18:00-21:00","","18:00-21:00","spot","spot","broadcast_investment_vs_value",,,,,"800","800",,,,"radio_slot:a11e66b4-6453-542c-104a-a7050ece31dd","radio_slot"
"radio","slot","western_cape","Worcester","","Worcester","Algoa FM","Algoa FM - 18:00-21:00","","18:00-21:00","spot","spot","broadcast_investment_vs_value",,,,,"760","760",,,,"radio_slot:d6c0814d-f650-9078-6bf9-0d9fb1312df1","radio_slot"
"radio","slot","western_cape","Worcester","","Worcester","Algoa FM","Algoa FM - 19:00-21:00","","19:00-21:00","spot","spot","broadcast_investment_vs_value",,,,,"850","850",,,,"radio_slot:58e3fee0-dcdb-b0ff-9f0a-7cfa0092ca99","radio_slot"
"radio","slot","western_cape","Worcester","","Worcester","Algoa FM","Algoa FM - 21:00-00:00","","21:00-00:00","spot","spot","broadcast_investment_vs_value",,,,,"590","590",,,,"radio_slot:e677d8da-c45d-0aff-9c17-3a3a120b70f4","radio_slot"
"radio","slot","western_cape","Worcester","","Worcester","Algoa FM","Algoa FM - 21:00-00:00","","21:00-00:00","spot","spot","broadcast_investment_vs_value",,,,,"600","600",,,,"radio_slot:c17262e3-f9f9-22f8-afc0-6fd65e8c8a57","radio_slot"
"radio","slot","western_cape","Worcester","","Worcester","Algoa FM","Algoa FM - 21:00-00:00","","21:00-00:00","spot","spot","broadcast_investment_vs_value",,,,,"600","600",,,,"radio_slot:c55115e4-5511-1f53-8218-497b6f577f4e","radio_slot"
"radio","package","western_cape","Worcester","","Worcester","Algoa FM","Algoa FM - Algoa Club - Plan A - Generic & Sponsorship - 6 Months","Algoa Club - Plan A - Generic & Sponsorship - 6 Months","","sponsorship","package","broadcast_investment_vs_value","224280","448560","224280","100",,"37380","224280","37380","448560","radio_package:5a6a0fc5-6905-89e8-ac77-432cb9ccbfdf","radio_package"
"radio","package","western_cape","Worcester","","Worcester","Algoa FM","Algoa FM - Algoa Club - Plan A - Generic Only - 6 Months","Algoa Club - Plan A - Generic Only - 6 Months","","generic","package","broadcast_investment_vs_value","247890","495780","247890","100",,"41315","247890","41315","495780","radio_package:9c329040-5f95-19ca-6513-c0332f64dffc","radio_package"
"radio","package","western_cape","Worcester","","Worcester","Algoa FM","Algoa FM - Generic & Streaming Pre-Roll Package - 6 Months","Generic & Streaming Pre-Roll Package - 6 Months","","preroll","package","broadcast_investment_vs_value","337890","585780","247890","73.36",,"56315","337890","56315","585780","radio_package:a5caa2a1-6808-3ffc-0217-26a0ed2f60e1","radio_package"
